customer_id,signup_date,region,channel
CUST00001,2024-04-12,Central,Mobile App
CUST00002,2025-03-11,East,Online
CUST00003,2024-09-27,South,Retail Store
CUST00004,2024-04-16,East,Online
CUST00005,2024-03-12,South,Marketplace
CUST00006,2024-01-21,East,Retail Store
CUST00007,2024-05-01,Central,Retail Store
CUST00008,2025-04-11,Central,Marketplace
CUST00009,2024-08-02,North,Online
CUST00010,2024-11-26,East,Mobile App
CUST00011,2025-04-03,West,Retail Store
CUST00012,2024-03-28,North,Online
CUST00013,2025-01-07,East,Marketplace
CUST00014,2024-04-09,East,Marketplace
CUST00015,2024-05-10,North,Online
CUST00016,2024-11-04,Central,Marketplace
CUST00017,2024-12-09,East,Mobile App
CUST00018,2025-05-06,Central,Online
CUST00019,2025-02-17,North,Mobile App
CUST00020,2025-01-20,Central,Online
CUST00021,2024-07-10,South,Online
CUST00022,2024-10-03,West,Online
CUST00023,2024-06-09,East,Marketplace
CUST00024,2025-04-04,West,Marketplace
CUST00025,2024-11-09,Central,Online
CUST00026,2024-01-22,East,Online
CUST00027,2024-09-09,Central,Retail Store
CUST00028,2025-04-19,South,Online
CUST00029,2024-02-28,North,Marketplace
CUST00030,2025-05-25,East,Marketplace
CUST00031,2025-04-20,South,Retail Store
CUST00032,2024-07-08,South,Mobile App
CUST00033,2024-08-31,East,Online
CUST00034,2025-05-19,Central,Mobile App
CUST00035,2024-05-10,South,Marketplace
CUST00036,2025-04-29,West,Retail Store
CUST00037,2024-01-21,South,Online
CUST00038,2024-06-15,Central,Marketplace
CUST00039,2024-09-30,Central,Online
CUST00040,2025-01-22,West,Online
CUST00041,2024-11-11,South,Online
CUST00042,2024-01-14,Central,Retail Store
CUST00043,2024-08-29,East,Retail Store
CUST00044,2024-12-11,North,Marketplace
CUST00045,2024-12-05,North,Marketplace
CUST00046,2024-04-01,North,Online
CUST00047,2025-01-01,South,Marketplace
CUST00048,2025-03-30,West,Online
CUST00049,2025-03-03,Central,Marketplace
CUST00050,2025-05-23,East,Marketplace
CUST00051,2024-02-04,East,Retail Store
CUST00052,2024-07-24,South,Marketplace
CUST00053,2024-03-21,North,Online
CUST00054,2025-01-22,South,Retail Store
CUST00055,2024-01-02,West,Marketplace
CUST00056,2025-01-24,West,Retail Store
CUST00057,2024-04-15,Central,Online
CUST00058,2025-04-21,Central,Retail Store
CUST00059,2025-02-05,West,Marketplace
CUST00060,2024-06-10,West,Online
CUST00061,2024-07-20,West,Online
CUST00062,2024-09-26,South,Marketplace
CUST00063,2024-09-27,West,Marketplace
CUST00064,2025-03-31,East,Online
CUST00065,2025-04-06,North,Online
CUST00066,2024-09-08,West,Online
CUST00067,2024-10-22,North,Online
CUST00068,2024-12-03,South,Retail Store
CUST00069,2024-02-22,North,Marketplace
CUST00070,2024-08-04,South,Marketplace
CUST00071,2024-07-06,East,Retail Store
CUST00072,2025-01-14,South,Online
CUST00073,2025-05-07,South,Marketplace
CUST00074,2024-02-10,Central,Retail Store
CUST00075,2024-06-05,West,Mobile App
CUST00076,2024-01-15,West,Retail Store
CUST00077,2024-03-05,East,Online
CUST00078,2025-06-04,East,Marketplace
CUST00079,2024-12-09,West,Online
CUST00080,2024-05-08,Central,Marketplace
CUST00081,2025-04-16,West,Online
CUST00082,2024-03-03,Central,Online
CUST00083,2024-05-18,East,Marketplace
CUST00084,2025-05-13,North,Online
CUST00085,2025-01-26,East,Marketplace
CUST00086,2025-02-22,East,Online
CUST00087,2024-10-15,South,Retail Store
CUST00088,2025-01-13,South,Marketplace
CUST00089,2025-05-04,South,Retail Store
CUST00090,2024-08-18,South,Online
CUST00091,2024-02-10,Central,Online
CUST00092,2024-01-28,West,Online
CUST00093,2024-05-14,North,Online
CUST00094,2024-07-19,East,Marketplace
CUST00095,2024-02-02,Central,Mobile App
CUST00096,2024-02-17,North,Marketplace
CUST00097,2025-05-17,Central,Marketplace
CUST00098,2025-02-10,Central,Marketplace
CUST00099,2024-04-08,East,Marketplace
CUST00100,2025-06-30,West,Online
CUST00101,2025-04-06,South,Mobile App
CUST00102,2024-01-05,West,Marketplace
CUST00103,2024-08-05,East,Retail Store
CUST00104,2025-05-17,East,Online
CUST00105,2025-02-01,East,Online
CUST00106,2025-01-27,North,Retail Store
CUST00107,2024-07-25,West,Marketplace
CUST00108,2024-01-15,West,Retail Store
CUST00109,2025-04-05,Central,Online
CUST00110,2024-08-28,Central,Mobile App
CUST00111,2024-04-05,Central,Online
CUST00112,2025-04-29,East,Online
CUST00113,2025-02-10,West,Online
CUST00114,2024-08-18,East,Marketplace
CUST00115,2024-06-19,North,Mobile App
CUST00116,2025-06-24,Central,Online
CUST00117,2024-02-05,East,Marketplace
CUST00118,2025-06-08,East,Online
CUST00119,2024-06-08,North,Mobile App
CUST00120,2024-08-30,South,Marketplace
CUST00121,2024-03-26,West,Marketplace
CUST00122,2024-01-28,South,Online
CUST00123,2024-12-05,Central,Mobile App
CUST00124,2024-11-26,East,Marketplace
CUST00125,2025-05-20,North,Online
CUST00126,2024-12-13,North,Marketplace
CUST00127,2025-04-17,West,Online
CUST00128,2024-08-18,South,Marketplace
CUST00129,2024-07-08,West,Online
CUST00130,2024-08-12,East,Marketplace
CUST00131,2025-01-19,West,Retail Store
CUST00132,2025-01-11,North,Online
CUST00133,2024-10-09,North,Online
CUST00134,2024-09-15,Central,Online
CUST00135,2024-12-24,Central,Retail Store
CUST00136,2025-03-31,East,Online
CUST00137,2025-02-14,South,Retail Store
CUST00138,2024-11-13,West,Online
CUST00139,2024-08-12,East,Online
CUST00140,2024-08-21,Central,Marketplace
CUST00141,2025-01-08,West,Online
CUST00142,2025-04-16,Central,Mobile App
CUST00143,2024-08-20,West,Marketplace
CUST00144,2024-04-22,South,Marketplace
CUST00145,2025-05-11,East,Retail Store
CUST00146,2025-03-17,West,Marketplace
CUST00147,2024-09-24,North,Online
CUST00148,2025-05-24,North,Online
CUST00149,2025-01-20,West,Online
CUST00150,2025-01-21,West,Marketplace
CUST00151,2024-04-22,West,Online
CUST00152,2024-03-21,North,Retail Store
CUST00153,2024-04-22,North,Mobile App
CUST00154,2024-01-02,West,Marketplace
CUST00155,2024-08-07,Central,Retail Store
CUST00156,2024-08-12,Central,Online
CUST00157,2025-01-19,South,Marketplace
CUST00158,2025-02-06,East,Retail Store
CUST00159,2024-05-09,Central,Online
CUST00160,2024-02-22,North,Online
CUST00161,2025-02-19,Central,Mobile App
CUST00162,2024-09-03,South,Marketplace
CUST00163,2025-03-14,South,Marketplace
CUST00164,2024-07-21,East,Marketplace
CUST00165,2024-07-02,Central,Retail Store
CUST00166,2024-05-02,North,Retail Store
CUST00167,2025-02-04,North,Online
CUST00168,2024-10-20,West,Online
CUST00169,2024-10-06,North,Online
CUST00170,2024-07-16,East,Marketplace
CUST00171,2025-05-25,East,Retail Store
CUST00172,2024-05-23,North,Marketplace
CUST00173,2024-07-19,North,Online
CUST00174,2024-05-03,West,Retail Store
CUST00175,2024-07-05,North,Retail Store
CUST00176,2024-11-21,West,Retail Store
CUST00177,2025-04-08,West,Marketplace
CUST00178,2024-12-14,North,Online
CUST00179,2025-02-06,South,Retail Store
CUST00180,2024-12-11,South,Online
CUST00181,2025-05-25,West,Online
CUST00182,2024-05-26,North,Retail Store
CUST00183,2024-05-27,South,Marketplace
CUST00184,2025-05-03,North,Mobile App
CUST00185,2024-12-03,North,Retail Store
CUST00186,2025-04-17,North,Marketplace
CUST00187,2024-05-30,Central,Retail Store
CUST00188,2025-02-18,North,Retail Store
CUST00189,2024-10-24,Central,Online
CUST00190,2024-09-19,West,Online
CUST00191,2024-05-23,South,Online
CUST00192,2024-12-11,South,Retail Store
CUST00193,2024-01-02,South,Online
CUST00194,2024-10-30,South,Online
CUST00195,2024-09-10,South,Online
CUST00196,2025-03-28,South,Mobile App
CUST00197,2024-02-06,South,Online
CUST00198,2024-06-08,West,Retail Store
CUST00199,2024-01-09,North,Online
CUST00200,2024-08-20,East,Retail Store
CUST00201,2024-04-08,Central,Online
CUST00202,2024-07-26,East,Online
CUST00203,2024-05-10,East,Retail Store
CUST00204,2025-02-07,North,Online
CUST00205,2024-05-31,North,Online
CUST00206,2024-02-23,North,Online
CUST00207,2024-04-29,South,Online
CUST00208,2025-02-23,West,Online
CUST00209,2025-02-25,South,Online
CUST00210,2024-04-13,West,Marketplace
CUST00211,2024-09-10,West,Retail Store
CUST00212,2024-08-14,East,Retail Store
CUST00213,2024-04-21,East,Online
CUST00214,2025-05-24,West,Mobile App
CUST00215,2025-04-17,West,Online
CUST00216,2024-04-08,South,Online
CUST00217,2024-06-01,South,Retail Store
CUST00218,2024-12-03,East,Online
CUST00219,2024-06-11,North,Online
CUST00220,2024-06-09,West,Retail Store
CUST00221,2025-02-01,South,Marketplace
CUST00222,2024-10-03,East,Retail Store
CUST00223,2025-05-18,South,Marketplace
CUST00224,2025-01-26,West,Mobile App
CUST00225,2024-05-14,West,Online
CUST00226,2024-07-13,Central,Online
CUST00227,2025-02-04,North,Online
CUST00228,2024-02-02,Central,Online
CUST00229,2025-04-04,East,Online
CUST00230,2025-04-14,South,Mobile App
CUST00231,2025-01-09,East,Marketplace
CUST00232,2024-01-22,West,Retail Store
CUST00233,2024-02-07,Central,Online
CUST00234,2024-08-17,Central,Marketplace
CUST00235,2024-12-30,Central,Mobile App
CUST00236,2025-03-13,East,Marketplace
CUST00237,2024-10-09,West,Online
CUST00238,2024-01-27,South,Retail Store
CUST00239,2024-08-13,South,Online
CUST00240,2024-10-03,East,Online
CUST00241,2024-10-10,Central,Online
CUST00242,2025-04-25,North,Retail Store
CUST00243,2025-03-28,East,Marketplace
CUST00244,2025-05-30,East,Online
CUST00245,2025-06-30,West,Online
CUST00246,2024-07-10,South,Retail Store
CUST00247,2024-02-18,East,Online
CUST00248,2025-05-26,East,Online
CUST00249,2024-01-17,Central,Online
CUST00250,2024-06-20,Central,Marketplace
CUST00251,2024-08-07,North,Online
CUST00252,2024-06-06,West,Online
CUST00253,2025-04-21,North,Online
CUST00254,2024-02-15,Central,Mobile App
CUST00255,2025-01-07,South,Marketplace
CUST00256,2025-06-01,Central,Marketplace
CUST00257,2024-04-08,West,Online
CUST00258,2024-02-06,Central,Retail Store
CUST00259,2024-10-06,West,Online
CUST00260,2024-12-14,West,Retail Store
CUST00261,2025-05-11,West,Mobile App
CUST00262,2024-10-28,West,Retail Store
CUST00263,2024-06-29,West,Marketplace
CUST00264,2024-04-08,South,Marketplace
CUST00265,2024-04-25,North,Online
CUST00266,2024-07-09,East,Mobile App
CUST00267,2024-09-09,North,Online
CUST00268,2024-06-09,West,Retail Store
CUST00269,2024-09-12,South,Online
CUST00270,2024-11-18,Central,Online
CUST00271,2024-05-07,South,Online
CUST00272,2024-01-18,West,Online
CUST00273,2024-11-18,South,Retail Store
CUST00274,2024-10-14,South,Retail Store
CUST00275,2024-06-03,West,Online
CUST00276,2025-05-04,South,Online
CUST00277,2025-01-20,East,Retail Store
CUST00278,2024-04-13,East,Online
CUST00279,2025-01-27,South,Marketplace
CUST00280,2024-09-02,Central,Marketplace
CUST00281,2024-06-24,West,Marketplace
CUST00282,2024-02-08,East,Marketplace
CUST00283,2025-04-21,Central,Online
CUST00284,2025-06-21,South,Marketplace
CUST00285,2025-02-11,Central,Online
CUST00286,2025-06-08,North,Online
CUST00287,2025-05-20,East,Marketplace
CUST00288,2024-02-05,South,Online
CUST00289,2024-01-20,West,Marketplace
CUST00290,2024-11-16,South,Marketplace
CUST00291,2025-05-26,West,Marketplace
CUST00292,2025-02-03,South,Mobile App
CUST00293,2025-04-15,Central,Online
CUST00294,2024-05-22,Central,Online
CUST00295,2024-04-01,Central,Retail Store
CUST00296,2024-12-19,North,Online
CUST00297,2024-02-20,West,Retail Store
CUST00298,2024-07-08,Central,Marketplace
CUST00299,2024-05-04,North,Marketplace
CUST00300,2024-05-29,West,Online
CUST00301,2024-11-09,South,Online
CUST00302,2024-12-07,North,Online
CUST00303,2024-10-31,East,Online
CUST00304,2024-02-23,North,Marketplace
CUST00305,2025-03-19,North,Online
CUST00306,2024-09-20,West,Online
CUST00307,2024-02-22,South,Online
CUST00308,2024-01-05,East,Retail Store
CUST00309,2024-04-12,Central,Retail Store
CUST00310,2024-07-14,Central,Online
CUST00311,2024-12-15,North,Online
CUST00312,2024-02-16,West,Online
CUST00313,2024-09-25,West,Online
CUST00314,2025-01-04,Central,Marketplace
CUST00315,2024-04-15,East,Retail Store
CUST00316,2024-04-29,South,Online
CUST00317,2024-02-27,East,Online
CUST00318,2024-12-11,South,Mobile App
CUST00319,2025-04-18,Central,Retail Store
CUST00320,2024-04-26,South,Marketplace
CUST00321,2024-05-06,West,Online
CUST00322,2025-01-27,North,Retail Store
CUST00323,2024-02-27,North,Online
CUST00324,2025-05-27,Central,Retail Store
CUST00325,2024-04-05,West,Mobile App
CUST00326,2024-04-27,East,Online
CUST00327,2025-05-02,West,Online
CUST00328,2024-08-24,North,Online
CUST00329,2024-09-28,North,Online
CUST00330,2024-07-07,West,Online
CUST00331,2025-03-22,West,Online
CUST00332,2024-09-03,North,Marketplace
CUST00333,2024-03-16,East,Retail Store
CUST00334,2024-06-02,Central,Online
CUST00335,2025-03-10,Central,Mobile App
CUST00336,2024-03-26,West,Online
CUST00337,2024-10-11,Central,Mobile App
CUST00338,2024-08-07,North,Online
CUST00339,2024-03-09,North,Marketplace
CUST00340,2024-02-16,West,Retail Store
CUST00341,2024-04-03,West,Marketplace
CUST00342,2025-03-28,West,Mobile App
CUST00343,2024-07-22,East,Online
CUST00344,2024-08-05,Central,Mobile App
CUST00345,2025-04-18,West,Online
CUST00346,2025-03-07,South,Online
CUST00347,2024-12-06,South,Online
CUST00348,2024-10-15,North,Retail Store
CUST00349,2024-09-10,Central,Online
CUST00350,2024-12-22,West,Retail Store
CUST00351,2024-01-23,South,Retail Store
CUST00352,2025-06-05,Central,Marketplace
CUST00353,2024-04-09,North,Marketplace
CUST00354,2024-06-28,East,Online
CUST00355,2024-08-10,Central,Online
CUST00356,2025-03-17,Central,Online
CUST00357,2024-11-20,East,Online
CUST00358,2025-05-30,Central,Online
CUST00359,2024-01-16,North,Online
CUST00360,2024-12-01,North,Online
CUST00361,2024-09-14,East,Mobile App
CUST00362,2025-05-11,West,Retail Store
CUST00363,2024-06-08,South,Online
CUST00364,2025-04-19,West,Retail Store
CUST00365,2025-01-14,Central,Online
CUST00366,2025-06-28,South,Online
CUST00367,2025-03-02,East,Retail Store
CUST00368,2024-09-24,East,Retail Store
CUST00369,2025-02-20,South,Online
CUST00370,2024-06-16,North,Mobile App
CUST00371,2024-02-12,South,Marketplace
CUST00372,2024-10-11,Central,Retail Store
CUST00373,2025-01-31,North,Retail Store
CUST00374,2024-01-12,East,Retail Store
CUST00375,2024-10-28,South,Online
CUST00376,2024-09-09,West,Online
CUST00377,2025-05-13,West,Online
CUST00378,2024-02-04,Central,Retail Store
CUST00379,2024-03-30,West,Retail Store
CUST00380,2025-02-21,South,Online
CUST00381,2024-04-24,South,Mobile App
CUST00382,2024-07-14,West,Mobile App
CUST00383,2025-05-15,South,Marketplace
CUST00384,2025-05-07,Central,Retail Store
CUST00385,2024-03-15,North,Marketplace
CUST00386,2025-02-16,Central,Online
CUST00387,2025-01-10,Central,Marketplace
CUST00388,2025-02-23,South,Online
CUST00389,2024-10-03,North,Marketplace
CUST00390,2025-01-28,South,Online
CUST00391,2025-04-01,East,Marketplace
CUST00392,2024-07-10,South,Mobile App
CUST00393,2024-04-08,South,Online
CUST00394,2024-04-05,South,Retail Store
CUST00395,2024-07-08,North,Mobile App
CUST00396,2024-02-06,South,Retail Store
CUST00397,2025-01-03,North,Marketplace
CUST00398,2025-06-08,West,Retail Store
CUST00399,2024-10-05,East,Online
CUST00400,2024-08-04,North,Online
CUST00401,2024-09-29,West,Online
CUST00402,2024-03-02,North,Marketplace
CUST00403,2024-12-07,North,Online
CUST00404,2025-01-31,East,Retail Store
CUST00405,2024-01-19,Central,Retail Store
CUST00406,2024-06-25,Central,Retail Store
CUST00407,2025-01-30,North,Marketplace
CUST00408,2025-03-20,South,Mobile App
CUST00409,2024-08-20,West,Online
CUST00410,2024-03-16,South,Marketplace
CUST00411,2024-09-21,South,Marketplace
CUST00412,2025-03-30,North,Retail Store
CUST00413,2025-01-18,North,Mobile App
CUST00414,2025-05-20,North,Online
CUST00415,2025-01-01,North,Online
CUST00416,2024-05-23,Central,Marketplace
CUST00417,2024-03-09,North,Online
CUST00418,2024-04-08,Central,Marketplace
CUST00419,2025-01-30,Central,Marketplace
CUST00420,2024-01-25,North,Online
CUST00421,2025-04-13,East,Marketplace
CUST00422,2025-04-28,West,Online
CUST00423,2024-05-30,South,Retail Store
CUST00424,2024-05-23,Central,Retail Store
CUST00425,2024-02-08,West,Mobile App
CUST00426,2024-04-18,East,Online
CUST00427,2024-02-11,South,Retail Store
CUST00428,2024-07-04,South,Marketplace
CUST00429,2025-02-01,Central,Marketplace
CUST00430,2024-08-10,North,Marketplace
CUST00431,2024-05-12,East,Online
CUST00432,2024-06-11,Central,Online
CUST00433,2024-08-02,East,Online
CUST00434,2024-08-22,North,Marketplace
CUST00435,2024-01-09,North,Online
CUST00436,2024-03-14,Central,Online
CUST00437,2025-05-06,North,Mobile App
CUST00438,2024-09-09,West,Online
CUST00439,2024-08-17,South,Mobile App
CUST00440,2025-06-02,Central,Marketplace
CUST00441,2024-06-22,East,Marketplace
CUST00442,2024-06-16,West,Online
CUST00443,2024-06-18,Central,Online
CUST00444,2025-01-27,North,Marketplace
CUST00445,2024-07-12,North,Marketplace
CUST00446,2025-05-31,North,Marketplace
CUST00447,2024-01-29,North,Online
CUST00448,2024-06-13,East,Marketplace
CUST00449,2025-02-25,West,Marketplace
CUST00450,2024-12-04,South,Marketplace
CUST00451,2025-05-10,East,Marketplace
CUST00452,2024-12-30,East,Marketplace
CUST00453,2024-12-07,South,Retail Store
CUST00454,2025-05-14,South,Online
CUST00455,2025-05-25,North,Retail Store
CUST00456,2024-11-22,East,Online
CUST00457,2024-08-04,Central,Online
CUST00458,2024-10-27,South,Online
CUST00459,2024-05-11,South,Online
CUST00460,2024-03-10,West,Online
CUST00461,2024-09-08,Central,Online
CUST00462,2025-02-18,Central,Marketplace
CUST00463,2025-03-20,South,Mobile App
CUST00464,2024-06-30,North,Online
CUST00465,2024-06-15,West,Mobile App
CUST00466,2024-03-31,Central,Retail Store
CUST00467,2025-06-14,South,Online
CUST00468,2024-02-08,Central,Online
CUST00469,2024-05-05,West,Retail Store
CUST00470,2025-03-26,West,Marketplace
CUST00471,2024-06-21,East,Marketplace
CUST00472,2024-08-07,South,Online
CUST00473,2024-02-27,West,Online
CUST00474,2025-04-20,East,Online
CUST00475,2025-03-31,East,Online
CUST00476,2024-12-26,Central,Online
CUST00477,2024-01-01,Central,Online
CUST00478,2025-01-21,East,Marketplace
CUST00479,2024-12-13,Central,Mobile App
CUST00480,2024-07-08,West,Online
CUST00481,2025-05-19,North,Mobile App
CUST00482,2024-07-09,West,Online
CUST00483,2025-05-22,East,Retail Store
CUST00484,2025-01-03,East,Online
CUST00485,2025-02-12,West,Retail Store
CUST00486,2024-04-26,Central,Mobile App
CUST00487,2024-05-13,Central,Retail Store
CUST00488,2024-02-27,East,Online
CUST00489,2024-06-21,South,Retail Store
CUST00490,2024-05-28,Central,Online
CUST00491,2024-03-20,West,Marketplace
CUST00492,2024-07-31,Central,Retail Store
CUST00493,2024-07-21,West,Online
CUST00494,2024-08-16,East,Retail Store
CUST00495,2024-08-14,Central,Retail Store
CUST00496,2025-06-15,West,Online
CUST00497,2025-03-16,East,Marketplace
CUST00498,2025-02-05,South,Online
CUST00499,2024-02-16,West,Marketplace
CUST00500,2024-08-20,South,Marketplace
CUST00501,2024-10-31,South,Marketplace
CUST00502,2025-06-09,North,Retail Store
CUST00503,2024-05-22,Central,Retail Store
CUST00504,2025-02-18,West,Online
CUST00505,2025-05-27,South,Marketplace
CUST00506,2025-01-07,North,Online
CUST00507,2024-09-15,East,Retail Store
CUST00508,2025-04-15,West,Online
CUST00509,2024-01-12,South,Online
CUST00510,2024-11-25,Central,Retail Store
CUST00511,2024-12-23,North,Online
CUST00512,2025-02-11,South,Marketplace
CUST00513,2025-01-07,Central,Online
CUST00514,2024-01-08,South,Online
CUST00515,2024-05-01,West,Retail Store
CUST00516,2024-12-13,West,Online
CUST00517,2024-03-30,West,Online
CUST00518,2024-11-11,North,Marketplace
CUST00519,2024-06-26,West,Online
CUST00520,2025-06-23,Central,Marketplace
CUST00521,2024-02-10,South,Online
CUST00522,2025-05-16,East,Online
CUST00523,2024-05-24,Central,Marketplace
CUST00524,2024-07-19,Central,Online
CUST00525,2025-04-05,West,Online
CUST00526,2025-06-30,North,Online
CUST00527,2024-09-09,South,Online
CUST00528,2025-01-24,North,Marketplace
CUST00529,2024-09-12,South,Online
CUST00530,2025-03-25,South,Marketplace
CUST00531,2024-01-10,North,Marketplace
CUST00532,2024-08-29,Central,Online
CUST00533,2024-09-07,South,Mobile App
CUST00534,2024-01-05,North,Online
CUST00535,2024-04-28,South,Mobile App
CUST00536,2025-01-08,East,Online
CUST00537,2024-03-05,Central,Marketplace
CUST00538,2024-05-25,West,Retail Store
CUST00539,2024-08-11,South,Online
CUST00540,2024-08-26,East,Retail Store
CUST00541,2024-06-25,West,Marketplace
CUST00542,2024-10-08,West,Online
CUST00543,2024-03-03,South,Online
CUST00544,2024-08-04,North,Marketplace
CUST00545,2025-04-05,South,Marketplace
CUST00546,2024-04-14,East,Mobile App
CUST00547,2024-04-08,West,Marketplace
CUST00548,2025-05-25,South,Mobile App
CUST00549,2025-01-19,North,Marketplace
CUST00550,2025-02-08,South,Online
CUST00551,2025-06-01,Central,Online
CUST00552,2025-04-20,North,Marketplace
CUST00553,2025-03-12,East,Retail Store
CUST00554,2024-01-23,West,Online
CUST00555,2025-04-02,South,Online
CUST00556,2024-03-23,North,Mobile App
CUST00557,2024-05-24,Central,Retail Store
CUST00558,2024-03-25,North,Online
CUST00559,2024-03-18,Central,Retail Store
CUST00560,2025-04-01,East,Online
CUST00561,2024-01-01,West,Online
CUST00562,2024-02-20,East,Online
CUST00563,2025-03-21,South,Online
CUST00564,2025-03-24,North,Marketplace
CUST00565,2025-05-02,Central,Online
CUST00566,2024-02-03,Central,Marketplace
CUST00567,2024-12-13,North,Marketplace
CUST00568,2024-04-04,North,Online
CUST00569,2024-03-12,South,Marketplace
CUST00570,2024-06-02,East,Retail Store
CUST00571,2024-09-06,Central,Marketplace
CUST00572,2025-03-13,South,Online
CUST00573,2024-04-27,East,Marketplace
CUST00574,2024-11-01,South,Retail Store
CUST00575,2024-09-24,Central,Online
CUST00576,2024-02-23,North,Online
CUST00577,2024-08-23,North,Marketplace
CUST00578,2025-01-23,East,Marketplace
CUST00579,2025-02-04,West,Online
CUST00580,2024-10-29,East,Retail Store
CUST00581,2024-07-25,West,Online
CUST00582,2024-08-16,South,Marketplace
CUST00583,2024-03-15,South,Online
CUST00584,2025-03-10,Central,Marketplace
CUST00585,2024-04-12,West,Online
CUST00586,2025-02-25,Central,Online
CUST00587,2024-11-01,North,Online
CUST00588,2024-04-07,West,Online
CUST00589,2024-11-30,East,Retail Store
CUST00590,2025-03-10,North,Online
CUST00591,2025-03-22,North,Marketplace
CUST00592,2024-11-03,East,Online
CUST00593,2024-09-05,North,Online
CUST00594,2024-06-14,West,Online
CUST00595,2025-04-25,Central,Online
CUST00596,2024-11-30,North,Online
CUST00597,2025-06-25,West,Online
CUST00598,2024-04-15,South,Retail Store
CUST00599,2024-03-21,West,Online
CUST00600,2024-05-12,Central,Retail Store
CUST00601,2024-05-17,West,Retail Store
CUST00602,2024-07-02,East,Online
CUST00603,2025-02-04,Central,Retail Store
CUST00604,2024-11-25,South,Mobile App
CUST00605,2025-05-22,East,Retail Store
CUST00606,2024-03-09,West,Marketplace
CUST00607,2025-06-29,Central,Online
CUST00608,2024-02-22,South,Marketplace
CUST00609,2025-03-25,East,Marketplace
CUST00610,2024-07-23,South,Retail Store
CUST00611,2024-05-05,West,Mobile App
CUST00612,2024-02-12,South,Online
CUST00613,2024-04-20,North,Online
CUST00614,2024-07-01,East,Marketplace
CUST00615,2024-04-04,South,Marketplace
CUST00616,2025-01-08,West,Online
CUST00617,2025-06-03,West,Online
CUST00618,2024-12-25,South,Online
CUST00619,2024-10-07,West,Online
CUST00620,2024-07-13,Central,Marketplace
CUST00621,2024-07-13,Central,Retail Store
CUST00622,2024-04-02,Central,Online
CUST00623,2024-03-01,North,Online
CUST00624,2024-02-20,South,Online
CUST00625,2025-02-06,North,Online
CUST00626,2024-01-05,West,Retail Store
CUST00627,2025-04-10,North,Mobile App
CUST00628,2025-06-17,West,Marketplace
CUST00629,2025-02-08,West,Online
CUST00630,2025-05-27,East,Marketplace
CUST00631,2024-08-20,Central,Marketplace
CUST00632,2025-06-07,West,Marketplace
CUST00633,2024-12-11,East,Retail Store
CUST00634,2024-02-15,Central,Online
CUST00635,2025-06-29,West,Online
CUST00636,2024-03-18,West,Online
CUST00637,2024-03-13,North,Online
CUST00638,2024-09-05,North,Online
CUST00639,2024-02-16,Central,Retail Store
CUST00640,2024-04-30,West,Marketplace
CUST00641,2024-08-01,South,Retail Store
CUST00642,2024-08-26,North,Online
CUST00643,2024-02-25,Central,Mobile App
CUST00644,2024-12-15,West,Mobile App
CUST00645,2024-04-16,West,Marketplace
CUST00646,2024-02-17,South,Mobile App
CUST00647,2024-12-02,Central,Retail Store
CUST00648,2024-01-26,West,Mobile App
CUST00649,2024-09-13,North,Online
CUST00650,2024-01-08,South,Online
CUST00651,2024-09-09,Central,Online
CUST00652,2024-10-29,South,Online
CUST00653,2024-02-25,North,Online
CUST00654,2025-06-09,Central,Retail Store
CUST00655,2025-04-18,South,Marketplace
CUST00656,2024-01-28,East,Retail Store
CUST00657,2024-03-18,North,Online
CUST00658,2024-08-03,North,Marketplace
CUST00659,2025-01-20,North,Retail Store
CUST00660,2024-12-30,East,Online
CUST00661,2025-06-09,East,Marketplace
CUST00662,2024-11-07,West,Online
CUST00663,2024-01-07,South,Online
CUST00664,2024-01-03,West,Mobile App
CUST00665,2024-12-28,South,Online
CUST00666,2025-05-22,East,Retail Store
CUST00667,2024-09-30,East,Marketplace
CUST00668,2025-05-20,West,Marketplace
CUST00669,2024-01-15,Central,Online
CUST00670,2024-07-10,West,Online
CUST00671,2025-04-29,South,Online
CUST00672,2024-01-28,West,Retail Store
CUST00673,2024-02-08,North,Online
CUST00674,2024-09-29,South,Online
CUST00675,2024-08-18,South,Mobile App
CUST00676,2024-03-26,Central,Retail Store
CUST00677,2025-04-18,East,Online
CUST00678,2024-05-05,South,Retail Store
CUST00679,2025-06-20,East,Marketplace
CUST00680,2024-05-24,West,Online
CUST00681,2025-06-08,North,Online
CUST00682,2024-07-30,Central,Marketplace
CUST00683,2024-01-25,East,Retail Store
CUST00684,2025-01-28,South,Retail Store
CUST00685,2024-03-07,East,Online
CUST00686,2024-08-20,South,Online
CUST00687,2024-04-18,East,Online
CUST00688,2024-05-25,South,Online
CUST00689,2024-04-20,West,Online
CUST00690,2024-08-15,South,Online
CUST00691,2024-04-20,South,Marketplace
CUST00692,2025-04-14,North,Mobile App
CUST00693,2024-02-03,South,Marketplace
CUST00694,2025-01-03,North,Marketplace
CUST00695,2025-02-28,Central,Online
CUST00696,2025-06-01,North,Mobile App
CUST00697,2024-10-08,West,Online
CUST00698,2024-11-15,North,Mobile App
CUST00699,2025-03-18,Central,Mobile App
CUST00700,2024-11-10,West,Marketplace
CUST00701,2025-01-11,East,Mobile App
CUST00702,2024-10-15,East,Retail Store
CUST00703,2025-03-12,North,Online
CUST00704,2024-10-03,North,Online
CUST00705,2025-05-17,Central,Retail Store
CUST00706,2025-05-30,Central,Online
CUST00707,2024-12-15,South,Retail Store
CUST00708,2025-03-21,Central,Mobile App
CUST00709,2024-12-15,South,Online
CUST00710,2024-05-16,West,Marketplace
CUST00711,2024-08-30,North,Mobile App
CUST00712,2025-06-26,West,Mobile App
CUST00713,2024-02-09,Central,Mobile App
CUST00714,2024-08-16,West,Retail Store
CUST00715,2024-08-10,West,Mobile App
CUST00716,2024-01-06,West,Marketplace
CUST00717,2024-11-17,Central,Online
CUST00718,2025-04-12,West,Retail Store
CUST00719,2024-03-15,South,Marketplace
CUST00720,2024-01-04,Central,Online
CUST00721,2024-04-27,West,Retail Store
CUST00722,2025-05-18,Central,Marketplace
CUST00723,2025-03-16,East,Online
CUST00724,2024-07-12,South,Retail Store
CUST00725,2025-01-26,West,Marketplace
CUST00726,2024-01-26,East,Retail Store
CUST00727,2025-03-10,East,Online
CUST00728,2024-06-21,Central,Online
CUST00729,2024-10-26,East,Online
CUST00730,2024-11-21,South,Mobile App
CUST00731,2025-02-13,South,Online
CUST00732,2024-04-27,North,Retail Store
CUST00733,2024-08-12,South,Online
CUST00734,2025-06-15,East,Online
CUST00735,2024-04-22,South,Marketplace
CUST00736,2024-05-19,Central,Marketplace
CUST00737,2024-01-01,North,Online
CUST00738,2024-03-30,East,Online
CUST00739,2024-11-15,North,Online
CUST00740,2024-05-18,East,Retail Store
CUST00741,2025-05-25,Central,Marketplace
CUST00742,2024-09-15,North,Online
CUST00743,2024-01-10,West,Online
CUST00744,2024-09-17,East,Online
CUST00745,2024-06-20,West,Mobile App
CUST00746,2024-01-13,North,Mobile App
CUST00747,2024-06-16,West,Online
CUST00748,2024-11-16,West,Marketplace
CUST00749,2024-11-14,North,Online
CUST00750,2024-11-24,Central,Online
CUST00751,2025-02-22,West,Marketplace
CUST00752,2024-04-04,West,Mobile App
CUST00753,2024-11-13,Central,Mobile App
CUST00754,2024-08-23,West,Retail Store
CUST00755,2024-11-29,West,Online
CUST00756,2025-01-10,West,Marketplace
CUST00757,2025-04-03,South,Online
CUST00758,2024-05-16,Central,Retail Store
CUST00759,2025-06-30,West,Online
CUST00760,2025-05-27,Central,Marketplace
CUST00761,2024-10-22,East,Online
CUST00762,2024-11-15,East,Online
CUST00763,2024-12-14,West,Mobile App
CUST00764,2024-08-16,Central,Online
CUST00765,2024-09-26,Central,Retail Store
CUST00766,2024-10-17,Central,Online
CUST00767,2024-06-13,South,Online
CUST00768,2024-01-05,East,Online
CUST00769,2025-01-13,Central,Online
CUST00770,2024-03-18,Central,Marketplace
CUST00771,2025-02-13,South,Online
CUST00772,2024-05-11,South,Mobile App
CUST00773,2024-02-11,Central,Retail Store
CUST00774,2024-03-29,North,Online
CUST00775,2025-02-05,Central,Retail Store
CUST00776,2024-10-22,Central,Retail Store
CUST00777,2024-10-21,South,Marketplace
CUST00778,2025-06-09,South,Online
CUST00779,2025-02-25,Central,Online
CUST00780,2024-01-23,Central,Marketplace
CUST00781,2024-05-22,Central,Mobile App
CUST00782,2024-05-24,South,Marketplace
CUST00783,2024-08-12,Central,Online
CUST00784,2025-05-17,Central,Marketplace
CUST00785,2024-04-13,West,Retail Store
CUST00786,2024-02-08,North,Retail Store
CUST00787,2024-07-16,East,Online
CUST00788,2025-01-25,North,Retail Store
CUST00789,2024-06-27,West,Online
CUST00790,2025-03-23,East,Online
CUST00791,2025-05-14,Central,Marketplace
CUST00792,2024-01-15,West,Online
CUST00793,2024-10-15,Central,Online
CUST00794,2025-04-22,South,Online
CUST00795,2024-08-18,West,Mobile App
CUST00796,2025-02-23,South,Retail Store
CUST00797,2024-06-05,West,Online
CUST00798,2025-03-16,West,Marketplace
CUST00799,2024-04-06,South,Marketplace
CUST00800,2025-02-14,East,Online
CUST00801,2024-10-15,North,Marketplace
CUST00802,2024-09-10,Central,Marketplace
CUST00803,2024-07-14,West,Marketplace
CUST00804,2025-06-05,Central,Online
CUST00805,2025-05-31,South,Marketplace
CUST00806,2024-04-27,Central,Retail Store
CUST00807,2024-06-07,South,Online
CUST00808,2024-08-15,Central,Online
CUST00809,2024-08-03,North,Online
CUST00810,2024-01-15,North,Online
CUST00811,2024-06-05,North,Marketplace
CUST00812,2024-09-17,North,Online
CUST00813,2024-06-05,North,Online
CUST00814,2024-02-16,North,Retail Store
CUST00815,2024-11-19,South,Online
CUST00816,2024-05-09,West,Mobile App
CUST00817,2025-02-14,Central,Online
CUST00818,2024-04-04,North,Online
CUST00819,2024-10-18,South,Online
CUST00820,2024-10-09,South,Online
CUST00821,2024-03-09,South,Online
CUST00822,2024-01-11,West,Marketplace
CUST00823,2024-09-10,Central,Mobile App
CUST00824,2024-05-13,West,Online
CUST00825,2024-01-23,East,Marketplace
CUST00826,2024-12-11,South,Marketplace
CUST00827,2024-10-28,East,Marketplace
CUST00828,2024-12-28,North,Online
CUST00829,2025-01-30,North,Online
CUST00830,2024-08-05,West,Online
CUST00831,2024-05-20,Central,Marketplace
CUST00832,2024-07-28,East,Marketplace
CUST00833,2025-04-04,Central,Online
CUST00834,2024-12-21,West,Online
CUST00835,2024-11-19,North,Mobile App
CUST00836,2024-05-12,Central,Marketplace
CUST00837,2024-05-06,Central,Mobile App
CUST00838,2024-04-15,North,Marketplace
CUST00839,2025-01-12,East,Online
CUST00840,2024-02-20,North,Retail Store
CUST00841,2024-01-29,Central,Marketplace
CUST00842,2025-04-06,East,Online
CUST00843,2024-10-22,East,Retail Store
CUST00844,2024-10-23,North,Marketplace
CUST00845,2025-02-10,Central,Online
CUST00846,2025-02-08,West,Marketplace
CUST00847,2024-12-11,Central,Retail Store
CUST00848,2025-02-23,South,Mobile App
CUST00849,2024-06-30,West,Online
CUST00850,2024-01-01,East,Online
CUST00851,2025-01-05,West,Retail Store
CUST00852,2025-03-06,East,Online
CUST00853,2024-11-04,East,Marketplace
CUST00854,2024-05-16,West,Marketplace
CUST00855,2024-07-20,East,Online
CUST00856,2025-03-11,East,Retail Store
CUST00857,2024-11-08,South,Retail Store
CUST00858,2024-04-26,Central,Online
CUST00859,2024-08-31,Central,Mobile App
CUST00860,2025-06-20,South,Marketplace
CUST00861,2024-03-15,West,Marketplace
CUST00862,2025-01-20,North,Marketplace
CUST00863,2024-07-28,North,Retail Store
CUST00864,2025-04-19,North,Mobile App
CUST00865,2025-02-21,South,Marketplace
CUST00866,2024-12-12,South,Marketplace
CUST00867,2025-06-12,East,Marketplace
CUST00868,2024-06-27,North,Online
CUST00869,2024-06-30,West,Marketplace
CUST00870,2024-01-25,West,Online
CUST00871,2024-06-28,North,Online
CUST00872,2025-05-15,North,Online
CUST00873,2024-06-09,North,Mobile App
CUST00874,2024-06-25,South,Marketplace
CUST00875,2024-10-11,South,Marketplace
CUST00876,2024-03-03,South,Marketplace
CUST00877,2024-06-04,Central,Retail Store
CUST00878,2025-04-13,West,Mobile App
CUST00879,2024-02-18,West,Retail Store
CUST00880,2024-03-24,East,Online
CUST00881,2024-12-26,South,Online
CUST00882,2024-05-27,Central,Marketplace
CUST00883,2024-12-07,Central,Marketplace
CUST00884,2025-04-20,West,Online
CUST00885,2024-03-03,South,Online
CUST00886,2024-12-25,East,Marketplace
CUST00887,2024-11-22,South,Online
CUST00888,2024-05-20,North,Marketplace
CUST00889,2024-08-02,South,Mobile App
CUST00890,2025-03-10,North,Online
CUST00891,2024-11-13,North,Online
CUST00892,2024-02-01,East,Marketplace
CUST00893,2024-10-11,West,Marketplace
CUST00894,2024-10-31,South,Retail Store
CUST00895,2025-03-04,North,Mobile App
CUST00896,2025-04-21,South,Online
CUST00897,2024-10-12,West,Retail Store
CUST00898,2024-05-23,West,Marketplace
CUST00899,2025-02-27,Central,Marketplace
CUST00900,2024-01-19,West,Online
CUST00901,2024-01-18,East,Marketplace
CUST00902,2025-01-05,North,Retail Store
CUST00903,2024-06-23,Central,Online
CUST00904,2024-07-12,East,Online
CUST00905,2025-05-16,South,Marketplace
CUST00906,2024-04-22,North,Online
CUST00907,2024-04-23,West,Online
CUST00908,2024-08-09,North,Online
CUST00909,2024-09-20,South,Marketplace
CUST00910,2024-02-24,Central,Marketplace
CUST00911,2025-04-02,Central,Marketplace
CUST00912,2024-06-10,Central,Online
CUST00913,2025-01-14,West,Retail Store
CUST00914,2024-03-27,East,Retail Store
CUST00915,2024-02-24,East,Marketplace
CUST00916,2025-04-20,North,Mobile App
CUST00917,2024-06-26,West,Online
CUST00918,2025-01-25,Central,Marketplace
CUST00919,2024-12-14,Central,Online
CUST00920,2024-01-08,South,Retail Store
CUST00921,2024-11-08,South,Online
CUST00922,2025-03-18,Central,Online
CUST00923,2024-11-23,Central,Online
CUST00924,2024-02-23,West,Retail Store
CUST00925,2024-08-26,East,Online
CUST00926,2024-08-16,South,Marketplace
CUST00927,2024-02-20,East,Online
CUST00928,2024-09-20,West,Online
CUST00929,2025-02-21,Central,Marketplace
CUST00930,2024-04-05,East,Online
CUST00931,2024-03-28,Central,Online
CUST00932,2024-03-18,Central,Marketplace
CUST00933,2024-10-14,North,Online
CUST00934,2024-04-29,East,Online
CUST00935,2025-05-05,East,Online
CUST00936,2025-03-27,Central,Mobile App
CUST00937,2025-05-14,West,Retail Store
CUST00938,2024-06-13,North,Marketplace
CUST00939,2024-06-30,Central,Retail Store
CUST00940,2025-04-13,South,Online
CUST00941,2024-01-07,South,Online
CUST00942,2024-11-25,North,Marketplace
CUST00943,2024-05-30,West,Online
CUST00944,2024-03-25,Central,Online
CUST00945,2024-05-26,East,Online
CUST00946,2025-01-15,North,Online
CUST00947,2024-10-11,West,Mobile App
CUST00948,2024-03-22,East,Online
CUST00949,2025-05-28,South,Retail Store
CUST00950,2025-06-06,South,Online
CUST00951,2025-01-20,East,Mobile App
CUST00952,2025-04-15,North,Online
CUST00953,2024-04-28,South,Online
CUST00954,2025-01-30,Central,Marketplace
CUST00955,2025-06-15,East,Marketplace
CUST00956,2024-09-17,East,Online
CUST00957,2024-09-12,South,Online
CUST00958,2024-08-13,North,Online
CUST00959,2024-02-22,Central,Online
CUST00960,2025-05-14,North,Online
CUST00961,2025-05-20,West,Retail Store
CUST00962,2024-12-29,West,Online
CUST00963,2024-10-06,South,Online
CUST00964,2024-06-06,South,Marketplace
CUST00965,2024-02-28,South,Mobile App
CUST00966,2024-05-07,West,Retail Store
CUST00967,2024-04-24,North,Online
CUST00968,2024-07-27,North,Online
CUST00969,2025-06-09,South,Mobile App
CUST00970,2025-06-04,Central,Online
CUST00971,2024-08-24,North,Online
CUST00972,2024-10-07,West,Retail Store
CUST00973,2024-12-24,East,Retail Store
CUST00974,2024-07-19,East,Retail Store
CUST00975,2024-10-04,East,Online
CUST00976,2024-08-22,Central,Online
CUST00977,2025-05-08,South,Mobile App
CUST00978,2024-01-04,West,Online
CUST00979,2025-03-17,Central,Marketplace
CUST00980,2024-01-29,West,Marketplace
CUST00981,2024-04-18,West,Retail Store
CUST00982,2024-03-15,South,Online
CUST00983,2024-05-25,East,Online
CUST00984,2024-05-07,South,Retail Store
CUST00985,2024-02-11,Central,Marketplace
CUST00986,2024-12-21,Central,Mobile App
CUST00987,2024-02-10,Central,Online
CUST00988,2024-02-03,South,Online
CUST00989,2024-01-17,West,Mobile App
CUST00990,2024-06-01,West,Marketplace
CUST00991,2025-01-12,North,Marketplace
CUST00992,2024-12-07,Central,Online
CUST00993,2024-01-27,West,Retail Store
CUST00994,2024-10-13,North,Marketplace
CUST00995,2024-06-16,West,Marketplace
CUST00996,2024-09-24,Central,Online
CUST00997,2025-03-30,East,Online
CUST00998,2025-02-04,Central,Retail Store
CUST00999,2025-04-20,South,Online
CUST01000,2024-05-09,West,Retail Store
CUST01001,2024-12-28,West,Mobile App
CUST01002,2024-10-18,South,Online
CUST01003,2025-01-05,South,Marketplace
CUST01004,2024-01-29,East,Online
CUST01005,2024-05-28,West,Marketplace
CUST01006,2024-10-22,West,Mobile App
CUST01007,2024-01-11,East,Online
CUST01008,2025-05-26,North,Online
CUST01009,2024-04-22,East,Online
CUST01010,2024-07-05,Central,Online
CUST01011,2024-08-14,West,Marketplace
CUST01012,2024-11-05,South,Mobile App
CUST01013,2024-04-07,Central,Online
CUST01014,2024-02-24,West,Online
CUST01015,2025-02-09,East,Online
CUST01016,2024-03-09,Central,Marketplace
CUST01017,2024-11-07,West,Online
CUST01018,2024-10-15,North,Retail Store
CUST01019,2024-05-27,North,Retail Store
CUST01020,2025-04-11,South,Retail Store
CUST01021,2024-08-31,West,Online
CUST01022,2025-05-05,North,Marketplace
CUST01023,2025-05-21,East,Online
CUST01024,2024-12-30,West,Online
CUST01025,2025-04-26,East,Marketplace
CUST01026,2024-07-19,East,Marketplace
CUST01027,2024-06-02,North,Online
CUST01028,2025-03-25,West,Online
CUST01029,2025-05-15,Central,Online
CUST01030,2024-03-13,North,Online
CUST01031,2024-10-22,North,Online
CUST01032,2024-01-17,West,Online
CUST01033,2024-08-04,West,Retail Store
CUST01034,2024-03-01,East,Marketplace
CUST01035,2024-02-11,West,Retail Store
CUST01036,2024-01-25,East,Marketplace
CUST01037,2024-02-08,North,Online
CUST01038,2024-05-10,South,Mobile App
CUST01039,2025-05-12,Central,Marketplace
CUST01040,2024-08-16,North,Marketplace
CUST01041,2024-04-17,West,Marketplace
CUST01042,2024-06-20,Central,Mobile App
CUST01043,2025-03-10,South,Retail Store
CUST01044,2025-04-22,South,Online
CUST01045,2024-04-11,East,Retail Store
CUST01046,2025-06-07,Central,Marketplace
CUST01047,2024-10-01,East,Marketplace
CUST01048,2024-02-13,North,Retail Store
CUST01049,2024-01-17,Central,Online
CUST01050,2024-11-25,North,Online
CUST01051,2025-05-11,East,Mobile App
CUST01052,2024-01-12,Central,Retail Store
CUST01053,2024-11-13,East,Retail Store
CUST01054,2024-08-03,Central,Online
CUST01055,2024-12-04,East,Online
CUST01056,2024-03-21,South,Marketplace
CUST01057,2025-04-29,East,Marketplace
CUST01058,2025-01-08,South,Marketplace
CUST01059,2024-07-18,East,Retail Store
CUST01060,2025-06-20,Central,Retail Store
CUST01061,2025-04-10,Central,Online
CUST01062,2024-03-29,Central,Marketplace
CUST01063,2024-09-24,West,Online
CUST01064,2025-05-03,North,Online
CUST01065,2025-06-21,Central,Retail Store
CUST01066,2024-02-16,South,Mobile App
CUST01067,2024-10-14,Central,Online
CUST01068,2024-01-16,West,Marketplace
CUST01069,2025-02-04,South,Online
CUST01070,2024-03-26,West,Online
CUST01071,2024-09-06,South,Online
CUST01072,2025-01-25,East,Online
CUST01073,2024-11-30,North,Retail Store
CUST01074,2025-06-02,North,Online
CUST01075,2024-05-16,West,Retail Store
CUST01076,2025-05-12,North,Mobile App
CUST01077,2025-04-21,West,Online
CUST01078,2024-08-10,West,Marketplace
CUST01079,2025-01-06,West,Online
CUST01080,2025-02-05,North,Marketplace
CUST01081,2025-03-18,West,Online
CUST01082,2025-05-04,North,Online
CUST01083,2024-09-29,West,Online
CUST01084,2025-06-09,Central,Online
CUST01085,2024-06-07,West,Online
CUST01086,2024-05-31,South,Marketplace
CUST01087,2024-07-06,West,Marketplace
CUST01088,2024-04-07,East,Marketplace
CUST01089,2024-05-10,West,Marketplace
CUST01090,2024-06-19,South,Online
CUST01091,2024-07-01,South,Online
CUST01092,2024-12-29,North,Online
CUST01093,2024-02-08,Central,Online
CUST01094,2025-06-10,West,Retail Store
CUST01095,2025-05-11,North,Retail Store
CUST01096,2025-05-30,Central,Online
CUST01097,2024-12-14,West,Online
CUST01098,2025-01-31,East,Marketplace
CUST01099,2024-06-09,West,Marketplace
CUST01100,2024-01-16,South,Online
CUST01101,2025-05-07,South,Mobile App
CUST01102,2025-03-01,East,Mobile App
CUST01103,2024-04-17,North,Online
CUST01104,2025-03-25,Central,Online
CUST01105,2024-11-06,West,Retail Store
CUST01106,2024-06-18,South,Mobile App
CUST01107,2025-06-29,North,Marketplace
CUST01108,2025-02-17,East,Online
CUST01109,2024-09-07,South,Online
CUST01110,2024-05-20,East,Retail Store
CUST01111,2024-09-30,West,Retail Store
CUST01112,2025-02-19,Central,Online
CUST01113,2024-02-08,South,Marketplace
CUST01114,2024-01-29,South,Marketplace
CUST01115,2025-04-21,West,Marketplace
CUST01116,2024-11-13,North,Marketplace
CUST01117,2024-09-01,Central,Marketplace
CUST01118,2024-09-28,South,Online
CUST01119,2025-03-15,Central,Retail Store
CUST01120,2024-08-26,South,Online
CUST01121,2025-01-11,Central,Marketplace
CUST01122,2024-09-22,East,Online
CUST01123,2024-12-24,South,Marketplace
CUST01124,2024-12-05,Central,Online
CUST01125,2025-01-23,North,Online
CUST01126,2024-01-03,East,Online
CUST01127,2025-03-04,East,Online
CUST01128,2024-05-21,North,Marketplace
CUST01129,2025-01-10,Central,Marketplace
CUST01130,2024-11-19,West,Retail Store
CUST01131,2024-05-25,North,Online
CUST01132,2024-10-19,Central,Online
CUST01133,2025-03-07,North,Online
CUST01134,2025-02-02,North,Online
CUST01135,2024-12-09,South,Marketplace
CUST01136,2024-05-19,Central,Online
CUST01137,2024-07-05,West,Online
CUST01138,2024-03-01,South,Online
CUST01139,2025-01-14,North,Online
CUST01140,2025-03-15,North,Retail Store
CUST01141,2024-11-14,North,Retail Store
CUST01142,2024-10-28,Central,Online
CUST01143,2024-12-09,Central,Online
CUST01144,2024-01-11,South,Online
CUST01145,2024-03-02,West,Online
CUST01146,2024-08-13,South,Online
CUST01147,2024-06-01,East,Mobile App
CUST01148,2024-11-05,North,Retail Store
CUST01149,2024-08-30,North,Retail Store
CUST01150,2025-05-07,North,Online
CUST01151,2024-12-31,South,Online
CUST01152,2024-11-25,South,Retail Store
CUST01153,2024-04-16,North,Marketplace
CUST01154,2024-08-13,South,Marketplace
CUST01155,2024-08-05,Central,Online
CUST01156,2025-05-20,Central,Retail Store
CUST01157,2024-09-15,South,Online
CUST01158,2025-05-31,North,Marketplace
CUST01159,2024-02-23,South,Retail Store
CUST01160,2024-02-16,South,Retail Store
CUST01161,2025-06-04,South,Online
CUST01162,2024-04-08,East,Retail Store
CUST01163,2024-01-20,Central,Online
CUST01164,2025-05-04,West,Online
CUST01165,2025-02-22,West,Online
CUST01166,2024-03-02,East,Marketplace
CUST01167,2024-05-24,South,Online
CUST01168,2024-08-03,East,Online
CUST01169,2024-01-03,East,Marketplace
CUST01170,2024-06-08,North,Online
CUST01171,2024-04-29,Central,Retail Store
CUST01172,2024-03-29,West,Online
CUST01173,2024-11-24,South,Online
CUST01174,2024-12-22,West,Marketplace
CUST01175,2024-09-23,West,Online
CUST01176,2024-11-18,Central,Retail Store
CUST01177,2025-06-24,West,Retail Store
CUST01178,2024-07-13,West,Retail Store
CUST01179,2024-11-27,East,Marketplace
CUST01180,2024-06-18,Central,Online
CUST01181,2025-06-04,North,Online
CUST01182,2025-04-07,South,Marketplace
CUST01183,2024-02-09,West,Retail Store
CUST01184,2025-06-20,South,Marketplace
CUST01185,2024-09-17,North,Marketplace
CUST01186,2025-01-29,South,Marketplace
CUST01187,2024-08-13,North,Retail Store
CUST01188,2024-05-03,East,Online
CUST01189,2024-02-07,West,Marketplace
CUST01190,2024-11-23,North,Retail Store
CUST01191,2024-09-07,South,Online
CUST01192,2024-06-24,West,Marketplace
CUST01193,2025-03-29,East,Marketplace
CUST01194,2024-02-06,West,Retail Store
CUST01195,2024-11-11,North,Online
CUST01196,2024-04-23,East,Online
CUST01197,2024-02-09,South,Marketplace
CUST01198,2024-10-27,East,Mobile App
CUST01199,2024-08-11,East,Online
CUST01200,2024-11-13,Central,Online
