customer_id,recency,frequency,monetary,r_score,f_score,m_score,rfm_score,segment
CUST00001,215,15,117439.1,2,4,4,10,Champions
CUST00002,151,4,26562.43,3,1,1,5,Dormant
CUST00003,221,9,102763.95,2,4,4,10,Champions
CUST00004,340,10,73834.4,1,4,4,9,Loyal
CUST00005,602,3,24295.31,1,1,1,3,Dormant
CUST00006,427,6,37903.99,1,2,2,5,Dormant
CUST00007,271,10,48610.63,2,4,3,9,Loyal
CUST00008,178,6,48415.26,3,2,3,8,Loyal
CUST00009,253,6,29367.46,2,2,1,5,Dormant
CUST00010,289,7,44089.76,2,2,3,7,At Risk
CUST00011,69,8,65785.79000000001,4,3,4,11,Champions
CUST00012,153,9,106580.98,3,4,4,11,Champions
CUST00013,23,4,23397.06,4,1,1,6,At Risk
CUST00014,523,3,16967.36,1,1,1,3,Dormant
CUST00015,501,5,36137.86,1,1,2,4,Dormant
CUST00016,354,5,50403.8,1,1,3,5,Dormant
CUST00017,196,4,24315.77,3,1,1,5,Dormant
CUST00018,108,2,28117.31,3,1,1,5,Dormant
CUST00019,161,5,43767.05,3,1,2,6,At Risk
CUST00020,217,10,64112.93,2,4,4,10,Champions
CUST00021,72,6,56270.2,4,2,3,9,Loyal
CUST00022,226,5,46550.71,2,1,3,6,At Risk
CUST00023,366,9,61742.0,1,4,3,8,Loyal
CUST00024,107,4,13585.96,3,1,1,5,Dormant
CUST00025,241,8,68254.05,2,3,4,9,Loyal
CUST00026,563,9,42681.57,1,4,2,7,At Risk
CUST00027,317,9,81404.94,2,4,4,10,Champions
CUST00028,107,4,27260.65,3,1,1,5,Dormant
CUST00029,358,15,109533.83,1,4,4,9,Loyal
CUST00030,82,5,54709.15,4,1,3,8,Loyal
CUST00031,2,3,18247.78,4,1,1,6,At Risk
CUST00032,199,9,75146.76,3,4,4,11,Champions
CUST00033,83,14,61392.45,4,4,3,11,Champions
CUST00034,47,7,35832.81,4,2,2,8,Loyal
CUST00035,148,6,43349.82,3,2,2,7,At Risk
CUST00036,90,3,9387.0,4,1,1,6,At Risk
CUST00037,529,5,46269.590000000004,1,1,3,5,Dormant
CUST00038,178,3,21610.15,3,1,1,5,Dormant
CUST00039,353,8,37887.4,1,3,2,6,At Risk
CUST00040,108,6,31506.5,3,2,2,7,At Risk
CUST00041,75,7,55786.990000000005,4,2,3,9,Loyal
CUST00042,9,6,48081.68,4,2,3,9,Loyal
CUST00043,251,9,64394.89,2,4,4,10,Champions
CUST00044,106,8,55146.22,3,3,3,9,Loyal
CUST00045,130,8,78394.64,3,3,4,10,Champions
CUST00046,406,6,29118.6,1,2,1,4,Dormant
CUST00047,165,3,23471.49,3,1,1,5,Dormant
CUST00048,172,1,1292.94,3,1,1,5,Dormant
CUST00049,106,9,40324.17,3,4,2,9,Loyal
CUST00050,139,3,26944.379999999997,3,1,1,5,Dormant
CUST00051,512,5,15132.6,1,1,1,3,Dormant
CUST00052,388,3,12597.66,1,1,1,3,Dormant
CUST00053,511,8,46813.619999999995,1,3,3,7,At Risk
CUST00054,151,7,30544.85,3,2,2,7,At Risk
CUST00055,499,7,58073.22,1,2,3,6,At Risk
CUST00056,153,9,61331.43,3,4,3,10,Champions
CUST00057,312,8,48142.340000000004,2,3,3,8,Loyal
CUST00058,26,9,58535.32,4,4,3,11,Champions
CUST00059,102,7,55099.09,3,2,3,8,Loyal
CUST00060,236,5,47630.090000000004,2,1,3,6,At Risk
CUST00061,355,13,98089.87,1,4,4,9,Loyal
CUST00062,270,7,36559.97,2,2,2,6,At Risk
CUST00063,73,7,48912.21000000001,4,3,3,10,Champions
CUST00064,169,2,16547.41,3,1,1,5,Dormant
CUST00065,69,9,89655.94,4,4,4,12,Champions
CUST00066,329,6,40600.13,2,2,2,6,At Risk
CUST00067,137,6,30534.379999999997,3,2,2,7,At Risk
CUST00068,36,6,41513.53,4,2,2,8,Loyal
CUST00069,504,4,22198.25,1,1,1,3,Dormant
CUST00070,344,9,64395.409999999996,1,4,4,9,Loyal
CUST00071,276,3,24397.36,2,1,1,4,Dormant
CUST00072,171,5,48547.04,3,1,3,7,At Risk
CUST00073,178,3,31850.14,3,1,2,6,At Risk
CUST00074,439,10,65531.7,1,4,4,9,Loyal
CUST00075,194,7,48031.43,3,3,3,9,Loyal
CUST00076,577,4,21848.57,1,1,1,3,Dormant
CUST00077,515,4,31718.04,1,1,2,4,Dormant
CUST00078,49,11,67586.23,4,4,4,12,Champions
CUST00079,248,6,46031.25,2,2,3,7,At Risk
CUST00080,442,3,9527.3,1,1,1,3,Dormant
CUST00081,180,8,50978.17,3,3,3,9,Loyal
CUST00082,494,5,15025.21,1,1,1,3,Dormant
CUST00083,73,8,92079.68,4,3,4,11,Champions
CUST00084,127,4,19209.010000000002,3,1,1,5,Dormant
CUST00085,87,6,50047.4,4,2,3,9,Loyal
CUST00086,122,4,23835.82,3,1,1,5,Dormant
CUST00087,295,5,77698.2,2,1,4,7,At Risk
CUST00088,74,5,24896.83,4,1,1,6,At Risk
CUST00089,85,6,18161.83,4,2,1,7,At Risk
CUST00090,157,12,74672.5,3,4,4,11,Champions
CUST00091,191,6,38831.979999999996,3,2,2,7,At Risk
CUST00092,208,7,55996.16,2,3,3,8,Loyal
CUST00093,313,10,94942.56,2,4,4,10,Champions
CUST00094,180,6,63024.02,3,2,3,8,Loyal
CUST00095,376,5,33437.04,1,1,2,4,Dormant
CUST00096,501,4,51975.399999999994,1,1,3,5,Dormant
CUST00097,69,4,29428.629999999997,4,1,1,6,At Risk
CUST00098,140,4,37051.65,3,1,2,6,At Risk
CUST00099,361,6,48240.44,1,2,3,6,At Risk
CUST00100,19,6,27882.2,4,2,1,7,At Risk
CUST00101,67,6,38820.55,4,2,2,8,Loyal
CUST00102,254,2,19054.25,2,1,1,4,Dormant
CUST00103,328,9,61799.15,2,4,3,9,Loyal
CUST00104,164,2,2815.1,3,1,1,5,Dormant
CUST00105,294,2,22932.489999999998,2,1,1,4,Dormant
CUST00106,131,7,34395.89,3,3,2,8,Loyal
CUST00107,174,8,55413.34,3,3,3,9,Loyal
CUST00108,371,6,30967.51,1,2,2,5,Dormant
CUST00109,194,4,57878.76,3,1,3,7,At Risk
CUST00110,249,9,76494.49,2,4,4,10,Champions
CUST00111,437,7,36673.87,1,3,2,6,At Risk
CUST00112,89,8,38887.240000000005,4,3,2,9,Loyal
CUST00113,231,5,49361.28,2,1,3,6,At Risk
CUST00114,289,5,24367.989999999998,2,1,1,4,Dormant
CUST00115,161,9,63783.16,3,4,4,11,Champions
CUST00116,52,6,46297.94,4,2,3,9,Loyal
CUST00117,533,5,34976.479999999996,1,1,2,4,Dormant
CUST00118,70,9,51807.22,4,4,3,11,Champions
CUST00119,380,3,24140.34,1,1,1,3,Dormant
CUST00120,266,5,25681.83,2,1,1,4,Dormant
CUST00121,195,5,21004.12,3,1,1,5,Dormant
CUST00122,397,7,46130.47,1,3,3,7,At Risk
CUST00123,41,5,27351.3,4,1,1,6,At Risk
CUST00124,200,1,3156.12,3,1,1,5,Dormant
CUST00125,26,5,39547.14,4,1,2,7,At Risk
CUST00126,153,8,80993.34,3,3,4,10,Champions
CUST00127,76,8,26171.73,4,3,1,8,Loyal
CUST00128,184,4,8874.45,3,1,1,5,Dormant
CUST00129,323,6,26720.82,2,2,1,5,Dormant
CUST00130,260,10,79602.91,2,4,4,10,Champions
CUST00131,173,12,124795.79000000001,3,4,4,11,Champions
CUST00132,290,4,39290.049999999996,2,1,2,5,Dormant
CUST00133,116,11,62744.45,3,4,3,10,Champions
CUST00134,300,6,67028.41,2,2,4,8,Loyal
CUST00135,231,7,48885.53,2,3,3,8,Loyal
CUST00136,86,8,107354.14,4,3,4,11,Champions
CUST00137,27,7,75988.14,4,3,4,11,Champions
CUST00138,169,5,24002.53,3,1,1,5,Dormant
CUST00139,57,9,53073.91,4,4,3,11,Champions
CUST00140,166,7,50807.990000000005,3,3,3,9,Loyal
CUST00141,159,12,125412.03,3,4,4,11,Champions
CUST00142,45,4,22656.68,4,1,1,6,At Risk
CUST00143,114,8,35894.77,3,3,2,8,Loyal
CUST00144,429,3,13295.4,1,1,1,3,Dormant
CUST00145,129,2,19486.14,3,1,1,5,Dormant
CUST00146,53,8,67251.25,4,3,4,11,Champions
CUST00147,80,9,75455.47,4,4,4,12,Champions
CUST00148,27,5,36628.090000000004,4,1,2,7,At Risk
CUST00149,191,9,73120.45,3,4,4,11,Champions
CUST00150,53,8,65961.35,4,3,4,11,Champions
CUST00151,288,6,36336.14,2,2,2,6,At Risk
CUST00152,253,11,87076.11,2,4,4,10,Champions
CUST00153,292,8,41110.47,2,3,2,7,At Risk
CUST00154,209,5,17482.18,2,1,1,4,Dormant
CUST00155,272,5,38735.5,2,1,2,5,Dormant
CUST00156,198,7,33947.71,3,3,2,8,Loyal
CUST00157,35,7,61507.78,4,3,3,10,Champions
CUST00158,255,5,43677.979999999996,2,1,2,5,Dormant
CUST00159,336,3,18359.21,2,1,1,4,Dormant
CUST00160,280,9,78708.48,2,4,4,10,Champions
CUST00161,187,7,40131.93,3,3,2,8,Loyal
CUST00162,387,6,35622.490000000005,1,2,2,5,Dormant
CUST00163,180,5,21971.13,3,1,1,5,Dormant
CUST00164,443,8,85734.20999999999,1,3,4,8,Loyal
CUST00165,263,6,25537.52,2,2,1,5,Dormant
CUST00166,292,11,106300.0,2,4,4,10,Champions
CUST00167,102,4,58670.21,3,1,3,7,At Risk
CUST00168,93,8,70027.89,4,3,4,11,Champions
CUST00169,172,6,38043.68,3,2,2,7,At Risk
CUST00170,315,10,73577.57,2,4,4,10,Champions
CUST00171,154,2,19843.39,3,1,1,5,Dormant
CUST00172,448,4,12581.119999999999,1,1,1,3,Dormant
CUST00173,252,9,65449.090000000004,2,4,4,10,Champions
CUST00174,427,7,55321.05,1,3,3,7,At Risk
CUST00175,14,12,78210.9,4,4,4,12,Champions
CUST00176,243,15,170772.56,2,4,4,10,Champions
CUST00177,169,3,32256.43,3,1,2,6,At Risk
CUST00178,51,8,59158.95,4,3,3,10,Champions
CUST00179,100,11,82789.31,3,4,4,11,Champions
CUST00180,86,6,24559.41,4,2,1,7,At Risk
CUST00181,45,6,30419.989999999998,4,2,1,7,At Risk
CUST00182,346,5,35252.43,1,1,2,4,Dormant
CUST00183,327,8,53538.21,2,3,3,8,Loyal
CUST00184,92,7,55431.2,4,3,3,10,Champions
CUST00185,64,11,75370.05,4,4,4,12,Champions
CUST00186,124,6,13418.02,3,2,1,6,At Risk
CUST00187,269,6,73285.69,2,2,4,8,Loyal
CUST00188,216,5,19001.78,2,1,1,4,Dormant
CUST00189,11,8,30014.940000000002,4,3,1,8,Loyal
CUST00190,421,2,17981.22,1,1,1,3,Dormant
CUST00191,392,8,49806.149999999994,1,3,3,7,At Risk
CUST00192,202,5,52429.93,3,1,3,7,At Risk
CUST00193,509,6,52192.100000000006,1,2,3,6,At Risk
CUST00194,261,3,35355.25,2,1,2,5,Dormant
CUST00195,130,10,109224.7,3,4,4,11,Champions
CUST00196,84,4,24280.28,4,1,1,6,At Risk
CUST00197,352,6,54015.68,1,2,3,6,At Risk
CUST00198,269,11,118663.73999999999,2,4,4,10,Champions
CUST00199,332,7,29663.57,2,3,1,6,At Risk
CUST00200,297,8,68833.1,2,3,4,9,Loyal
CUST00201,333,5,53136.82,2,1,3,6,At Risk
CUST00202,82,11,76985.92,4,4,4,12,Champions
CUST00203,352,5,37716.4,1,1,2,4,Dormant
CUST00204,95,5,53204.2,3,1,3,7,At Risk
CUST00205,529,4,30280.67,1,1,1,3,Dormant
CUST00206,494,10,66583.25,1,4,4,9,Loyal
CUST00207,400,9,42131.17,1,4,2,7,At Risk
CUST00208,141,7,67786.83,3,3,4,10,Champions
CUST00209,109,7,59037.130000000005,3,3,3,9,Loyal
CUST00210,161,5,37529.29,3,1,2,6,At Risk
CUST00211,63,4,25324.370000000003,4,1,1,6,At Risk
CUST00212,348,7,33396.96,1,3,2,6,At Risk
CUST00213,320,5,48808.270000000004,2,1,3,6,At Risk
CUST00214,122,6,40699.98,3,2,2,7,At Risk
CUST00215,44,9,50217.0,4,4,3,11,Champions
CUST00216,428,8,48260.67,1,3,3,7,At Risk
CUST00217,344,2,10242.24,1,1,1,3,Dormant
CUST00218,172,7,55733.5,3,3,3,9,Loyal
CUST00219,389,12,96912.52,1,4,4,9,Loyal
CUST00220,278,10,52994.13,2,4,3,9,Loyal
CUST00221,30,7,29807.98,4,3,1,8,Loyal
CUST00222,225,4,28005.02,2,1,1,4,Dormant
CUST00223,155,4,35507.840000000004,3,1,2,6,At Risk
CUST00224,56,4,38802.43,4,1,2,7,At Risk
CUST00225,312,6,53234.98,2,2,3,7,At Risk
CUST00226,220,9,70842.56999999999,2,4,4,10,Champions
CUST00227,146,5,44497.95,3,1,3,7,At Risk
CUST00228,382,7,50044.97,1,3,3,7,At Risk
CUST00229,175,3,28456.120000000003,3,1,1,5,Dormant
CUST00230,28,8,31602.36,4,3,2,9,Loyal
CUST00231,57,11,106529.05,4,4,4,12,Champions
CUST00232,552,7,64188.48,1,3,4,8,Loyal
CUST00233,119,12,94526.71,3,4,4,11,Champions
CUST00234,163,8,65662.41,3,3,4,10,Champions
CUST00235,34,7,33855.1,4,3,2,9,Loyal
CUST00236,56,4,20026.84,4,1,1,6,At Risk
CUST00237,60,10,60036.840000000004,4,4,3,11,Champions
CUST00238,203,6,61378.18,2,2,3,7,At Risk
CUST00239,309,4,34348.71,2,1,2,5,Dormant
CUST00240,305,6,57534.76,2,2,3,7,At Risk
CUST00241,73,11,108854.87,4,4,4,12,Champions
CUST00242,111,6,48554.92,3,2,3,8,Loyal
CUST00243,34,6,35032.01,4,2,2,8,Loyal
CUST00244,14,7,41004.65,4,3,2,9,Loyal
CUST00245,2,9,89797.54,4,4,4,12,Champions
CUST00246,433,3,16166.130000000001,1,1,1,3,Dormant
CUST00247,337,8,108533.29,2,3,4,9,Loyal
CUST00248,99,9,59062.689999999995,3,4,3,10,Champions
CUST00249,460,4,22963.45,1,1,1,3,Dormant
CUST00250,286,12,85633.52,2,4,4,10,Champions
CUST00251,195,9,93785.4,3,4,4,11,Champions
CUST00252,351,10,80210.28,1,4,4,9,Loyal
CUST00253,80,2,19970.13,4,1,1,6,At Risk
CUST00254,39,10,61205.479999999996,4,4,3,11,Champions
CUST00255,145,6,35730.21,3,2,2,7,At Risk
CUST00256,140,2,21824.43,3,1,1,5,Dormant
CUST00257,510,6,33366.13,1,2,2,5,Dormant
CUST00258,390,8,30009.33,1,3,1,5,Dormant
CUST00259,331,3,4601.76,2,1,1,4,Dormant
CUST00260,90,7,38291.13,4,3,2,9,Loyal
CUST00261,121,2,9680.34,3,1,1,5,Dormant
CUST00262,310,6,47056.979999999996,2,2,3,7,At Risk
CUST00263,103,14,100567.65,3,4,4,11,Champions
CUST00264,387,8,59651.61,1,3,3,7,At Risk
CUST00265,371,8,52831.32,1,3,3,7,At Risk
CUST00266,23,3,16759.18,4,1,1,6,At Risk
CUST00267,302,7,41854.01,2,3,2,7,At Risk
CUST00268,491,3,28412.21,1,1,1,3,Dormant
CUST00269,336,5,36781.41,2,1,2,5,Dormant
CUST00270,161,4,31214.27,3,1,2,6,At Risk
CUST00271,337,10,67770.82,2,4,4,10,Champions
CUST00272,427,3,29030.33,1,1,1,3,Dormant
CUST00273,67,6,43163.61,4,2,2,8,Loyal
CUST00274,65,13,113661.88,4,4,4,12,Champions
CUST00275,95,9,67181.4,3,4,4,11,Champions
CUST00276,124,9,63696.81,3,4,4,11,Champions
CUST00277,120,1,15443.35,3,1,1,5,Dormant
CUST00278,399,5,36452.31,1,2,2,5,Dormant
CUST00279,228,6,51404.93,2,2,3,7,At Risk
CUST00280,221,7,44720.509999999995,2,3,3,8,Loyal
CUST00281,192,7,62699.61,3,3,3,9,Loyal
CUST00282,662,2,14318.85,1,1,1,3,Dormant
CUST00283,39,4,12027.77,4,1,1,6,At Risk
CUST00284,1,7,52540.990000000005,4,3,3,10,Champions
CUST00285,163,11,161150.11,3,4,4,11,Champions
CUST00286,71,6,60940.619999999995,4,2,3,9,Loyal
CUST00287,8,7,58941.729999999996,4,3,3,10,Champions
CUST00288,500,6,69005.21,1,2,4,7,At Risk
CUST00289,273,4,47504.630000000005,2,1,3,6,At Risk
CUST00290,317,3,23776.7,2,1,1,4,Dormant
CUST00291,18,3,35660.85,4,1,2,7,At Risk
CUST00292,48,6,65199.58,4,2,4,10,Champions
CUST00293,169,7,45071.25,3,3,3,9,Loyal
CUST00294,114,8,60399.51,3,3,3,9,Loyal
CUST00295,473,5,42796.06,1,2,2,5,Dormant
CUST00296,201,7,51755.69,3,3,3,9,Loyal
CUST00297,495,9,63455.1,1,4,3,8,Loyal
CUST00298,163,10,40251.9,3,4,2,9,Loyal
CUST00299,294,7,64680.65,2,3,4,9,Loyal
CUST00300,283,5,24659.49,2,2,1,5,Dormant
CUST00301,22,3,13729.07,4,1,1,6,At Risk
CUST00302,135,10,72069.68000000001,3,4,4,11,Champions
CUST00303,297,9,79238.95999999999,2,4,4,10,Champions
CUST00304,343,4,36020.27,1,1,2,4,Dormant
CUST00305,182,3,16035.19,3,1,1,5,Dormant
CUST00306,181,7,68180.88,3,3,4,10,Champions
CUST00307,396,6,30544.28,1,2,2,5,Dormant
CUST00308,432,7,37055.68,1,3,2,6,At Risk
CUST00309,472,11,64941.73,1,4,4,9,Loyal
CUST00310,189,7,46157.26,3,3,3,9,Loyal
CUST00311,117,2,6779.68,3,1,1,5,Dormant
CUST00312,432,5,37913.270000000004,1,2,2,5,Dormant
CUST00313,403,7,41515.34,1,3,2,6,At Risk
CUST00314,195,4,38143.549999999996,3,1,2,6,At Risk
CUST00315,292,7,58495.020000000004,2,3,3,8,Loyal
CUST00316,464,9,60282.04,1,4,3,8,Loyal
CUST00317,477,3,6020.5,1,1,1,3,Dormant
CUST00318,262,7,37001.4,2,3,2,7,At Risk
CUST00319,45,8,67792.57,4,3,4,11,Champions
CUST00320,178,7,52343.44,3,3,3,9,Loyal
CUST00321,304,5,33805.97,2,2,2,6,At Risk
CUST00322,111,11,77228.18000000001,3,4,4,11,Champions
CUST00323,446,9,88323.33,1,4,4,9,Loyal
CUST00324,24,4,19491.68,4,1,1,6,At Risk
CUST00325,495,11,76354.51,1,4,4,9,Loyal
CUST00326,202,4,15548.76,3,1,1,5,Dormant
CUST00327,45,6,21036.55,4,2,1,7,At Risk
CUST00328,259,5,38483.42,2,2,2,6,At Risk
CUST00329,355,2,11135.39,1,1,1,3,Dormant
CUST00330,213,11,61354.47,2,4,3,9,Loyal
CUST00331,136,7,52385.200000000004,3,3,3,9,Loyal
CUST00332,382,6,37227.07,1,2,2,5,Dormant
CUST00333,429,6,36454.86,1,2,2,5,Dormant
CUST00334,495,6,34353.95,1,2,2,5,Dormant
CUST00335,128,4,57562.86,3,1,3,7,At Risk
CUST00336,297,11,99078.99,2,4,4,10,Champions
CUST00337,174,7,37848.85,3,3,2,8,Loyal
CUST00338,320,13,102511.46,2,4,4,10,Champions
CUST00339,406,5,32880.22,1,2,2,5,Dormant
CUST00340,472,6,65545.55,1,2,4,7,At Risk
CUST00341,446,3,20981.18,1,1,1,3,Dormant
CUST00342,111,6,38760.93,3,2,2,7,At Risk
CUST00343,257,10,37417.52,2,4,2,8,Loyal
CUST00344,103,7,58516.68,3,3,3,9,Loyal
CUST00345,12,7,55849.53,4,3,3,10,Champions
CUST00346,91,5,58334.32,4,2,3,9,Loyal
CUST00347,315,3,36813.27,2,1,2,5,Dormant
CUST00348,289,9,51359.28,2,4,3,9,Loyal
CUST00349,324,7,48870.219999999994,2,3,3,8,Loyal
CUST00350,250,3,18140.78,2,1,1,4,Dormant
CUST00351,132,4,31496.17,3,1,2,6,At Risk
CUST00352,111,7,33263.6,3,3,2,8,Loyal
CUST00353,534,7,60103.69,1,3,3,7,At Risk
CUST00354,326,8,29745.57,2,3,1,6,At Risk
CUST00355,208,8,57147.200000000004,2,3,3,8,Loyal
CUST00356,82,7,48124.29,4,3,3,10,Champions
CUST00357,176,11,88649.4,3,4,4,11,Champions
CUST00358,55,4,20782.059999999998,4,1,1,6,At Risk
CUST00359,468,7,39159.47,1,3,2,6,At Risk
CUST00360,264,8,61371.82,2,3,3,8,Loyal
CUST00361,165,5,23211.09,3,2,1,6,At Risk
CUST00362,109,2,17639.84,3,1,1,5,Dormant
CUST00363,255,11,70804.75,2,4,4,10,Champions
CUST00364,136,7,51512.78,3,3,3,9,Loyal
CUST00365,54,10,45297.579999999994,4,4,3,11,Champions
CUST00366,6,4,42965.47,4,1,2,7,At Risk
CUST00367,56,6,49398.82,4,2,3,9,Loyal
CUST00368,100,11,98358.41,3,4,4,11,Champions
CUST00369,263,3,32758.739999999998,2,1,2,5,Dormant
CUST00370,381,7,30481.559999999998,1,3,1,5,Dormant
CUST00371,443,5,48178.25,1,2,3,6,At Risk
CUST00372,62,7,69141.76,4,3,4,11,Champions
CUST00373,232,5,34931.5,2,2,2,6,At Risk
CUST00374,523,6,16594.420000000002,1,2,1,4,Dormant
CUST00375,144,5,24958.59,3,2,1,6,At Risk
CUST00376,167,2,6216.25,3,1,1,5,Dormant
CUST00377,85,7,64970.61,4,3,4,11,Champions
CUST00378,619,7,60833.91,1,3,3,7,At Risk
CUST00379,361,13,66784.59999999999,1,4,4,9,Loyal
CUST00380,29,7,48375.29,4,3,3,10,Champions
CUST00381,401,5,57820.42,1,2,3,6,At Risk
CUST00382,46,10,110870.18,4,4,4,12,Champions
CUST00383,107,8,69680.96,3,3,4,10,Champions
CUST00384,41,8,53988.51,4,3,3,10,Champions
CUST00385,486,13,76805.05,1,4,4,9,Loyal
CUST00386,119,6,25151.34,3,2,1,6,At Risk
CUST00387,82,7,55544.920000000006,4,3,3,10,Champions
CUST00388,49,3,20115.86,4,1,1,6,At Risk
CUST00389,297,11,60172.770000000004,2,4,3,9,Loyal
CUST00390,272,5,17145.58,2,2,1,5,Dormant
CUST00391,127,2,10601.08,3,1,1,5,Dormant
CUST00392,105,10,79043.69,3,4,4,11,Champions
CUST00393,487,3,17018.3,1,1,1,3,Dormant
CUST00394,94,6,33792.12,4,2,2,8,Loyal
CUST00395,171,9,50047.229999999996,3,4,3,10,Champions
CUST00396,407,4,24172.12,1,1,1,3,Dormant
CUST00397,281,5,32621.55,2,2,2,6,At Risk
CUST00398,105,7,22587.1,3,3,1,7,At Risk
CUST00399,129,9,87143.61,3,4,4,11,Champions
CUST00400,278,4,38980.53,2,1,2,5,Dormant
CUST00401,351,3,19786.35,1,1,1,3,Dormant
CUST00402,394,11,67013.45999999999,1,4,4,9,Loyal
CUST00403,240,7,49377.03,2,3,3,8,Loyal
CUST00404,195,5,18892.48,3,2,1,6,At Risk
CUST00405,466,5,37092.2,1,2,2,5,Dormant
CUST00406,173,7,69996.31999999999,3,3,4,10,Champions
CUST00407,61,5,29959.56,4,2,1,7,At Risk
CUST00408,117,8,79144.83,3,3,4,10,Champions
CUST00409,108,11,57068.44,3,4,3,10,Champions
CUST00410,445,4,33587.69,1,1,2,4,Dormant
CUST00411,206,8,73565.73,2,3,4,9,Loyal
CUST00412,13,10,73151.48,4,4,4,12,Champions
CUST00413,256,9,66129.03,2,4,4,10,Champions
CUST00414,58,4,22980.78,4,1,1,6,At Risk
CUST00415,89,11,77571.69,4,4,4,12,Champions
CUST00416,372,10,64462.01,1,4,4,9,Loyal
CUST00417,461,3,41493.369999999995,1,1,2,4,Dormant
CUST00418,340,10,74228.08,1,4,4,9,Loyal
CUST00419,24,11,64627.130000000005,4,4,4,12,Champions
CUST00420,31,6,39141.0,4,2,2,8,Loyal
CUST00421,62,7,35994.21,4,3,2,9,Loyal
CUST00422,246,1,14141.76,2,1,1,4,Dormant
CUST00423,380,6,35927.93,1,2,2,5,Dormant
CUST00424,264,7,38802.99,2,3,2,7,At Risk
CUST00425,159,5,47339.39,3,2,3,8,Loyal
CUST00426,431,5,32781.92,1,2,2,5,Dormant
CUST00427,548,4,31491.37,1,1,2,4,Dormant
CUST00428,483,5,25755.17,1,2,1,4,Dormant
CUST00429,123,13,115495.7,3,4,4,11,Champions
CUST00430,227,3,11153.03,2,1,1,4,Dormant
CUST00431,248,10,51118.09,2,4,3,9,Loyal
CUST00432,277,4,30923.39,2,1,2,5,Dormant
CUST00433,221,9,53632.5,2,4,3,9,Loyal
CUST00434,455,3,27864.13,1,1,1,3,Dormant
CUST00435,322,8,83641.39,2,3,4,9,Loyal
CUST00436,334,12,89213.05,2,4,4,10,Champions
CUST00437,112,5,61696.12,3,2,3,8,Loyal
CUST00438,77,11,77775.48,4,4,4,12,Champions
CUST00439,286,10,94989.2,2,4,4,10,Champions
CUST00440,18,6,56584.6,4,2,3,9,Loyal
CUST00441,373,13,121996.17,1,4,4,9,Loyal
CUST00442,205,8,37800.08,2,3,2,7,At Risk
CUST00443,29,7,40125.22,4,3,2,9,Loyal
CUST00444,80,9,70857.97,4,4,4,12,Champions
CUST00445,260,7,45410.67,2,3,3,8,Loyal
CUST00446,6,7,38502.35,4,3,2,9,Loyal
CUST00447,376,7,60642.22,1,3,3,7,At Risk
CUST00448,272,8,36001.24,2,3,2,7,At Risk
CUST00449,6,7,30456.41,4,3,1,8,Loyal
CUST00450,279,4,44350.32,2,1,3,6,At Risk
CUST00451,47,6,34030.22,4,2,2,8,Loyal
CUST00452,8,6,36850.43,4,2,2,8,Loyal
CUST00453,270,8,62962.22,2,3,3,8,Loyal
CUST00454,94,6,51277.14,4,2,3,9,Loyal
CUST00455,123,2,24197.84,3,1,1,5,Dormant
CUST00456,260,6,57956.64,2,2,3,7,At Risk
CUST00457,128,8,66123.11,3,3,4,10,Champions
CUST00458,160,6,40071.130000000005,3,2,2,7,At Risk
CUST00459,86,11,107442.61,4,4,4,12,Champions
CUST00460,528,6,50354.95,1,2,3,6,At Risk
CUST00461,224,7,24723.34,2,3,1,6,At Risk
CUST00462,93,8,87769.25,4,3,4,11,Champions
CUST00463,137,5,39313.43,3,2,2,7,At Risk
CUST00464,238,6,41522.84,2,2,2,6,At Risk
CUST00465,239,15,63611.22,2,4,4,10,Champions
CUST00466,160,10,84638.92,3,4,4,11,Champions
CUST00467,57,3,29013.63,4,1,1,6,At Risk
CUST00468,501,5,27456.37,1,2,1,4,Dormant
CUST00469,389,6,42656.5,1,2,2,5,Dormant
CUST00470,40,11,62401.28,4,4,3,11,Champions
CUST00471,332,4,26780.11,2,1,1,4,Dormant
CUST00472,277,6,62386.46,2,2,3,7,At Risk
CUST00473,400,3,17265.98,1,1,1,3,Dormant
CUST00474,31,9,50019.84,4,4,3,11,Champions
CUST00475,115,7,17752.95,3,3,1,7,At Risk
CUST00476,120,8,82049.61,3,3,4,10,Champions
CUST00477,613,6,36367.32,1,2,2,5,Dormant
CUST00478,279,3,24011.510000000002,2,1,1,4,Dormant
CUST00479,61,7,59106.869999999995,4,3,3,10,Champions
CUST00480,257,12,97324.06,2,4,4,10,Champions
CUST00481,48,8,59069.94,4,3,3,10,Champions
CUST00482,182,5,36090.91,3,2,2,7,At Risk
CUST00483,213,1,4817.38,2,1,1,4,Dormant
CUST00484,250,4,33943.15,2,1,2,5,Dormant
CUST00485,226,4,9292.349999999999,2,1,1,4,Dormant
CUST00486,223,9,85944.99,2,4,4,10,Champions
CUST00487,397,8,63507.479999999996,1,3,4,8,Loyal
CUST00488,432,7,38503.15,1,3,2,6,At Risk
CUST00489,219,8,62241.02,2,3,3,8,Loyal
CUST00490,43,7,39028.32,4,3,2,9,Loyal
CUST00491,417,5,40364.27,1,2,2,5,Dormant
CUST00492,316,8,45103.659999999996,2,3,3,8,Loyal
CUST00493,307,2,10294.56,2,1,1,4,Dormant
CUST00494,158,6,67018.0,3,2,4,9,Loyal
CUST00495,119,2,10334.93,3,1,1,5,Dormant
CUST00496,77,6,58454.45,4,2,3,9,Loyal
CUST00497,229,5,17934.29,2,2,1,5,Dormant
CUST00498,122,8,70250.74,3,3,4,10,Champions
CUST00499,597,2,21771.440000000002,1,1,1,3,Dormant
CUST00500,145,7,38968.34,3,3,2,8,Loyal
CUST00501,238,10,72861.25,2,4,4,10,Champions
CUST00502,42,4,43383.17,4,1,2,7,At Risk
CUST00503,329,4,16732.58,2,1,1,4,Dormant
CUST00504,207,4,38110.22,2,1,2,5,Dormant
CUST00505,18,8,75135.37,4,3,4,11,Champions
CUST00506,148,3,19675.64,3,1,1,5,Dormant
CUST00507,201,3,15030.150000000001,3,1,1,5,Dormant
CUST00508,96,7,14521.369999999999,3,3,1,7,At Risk
CUST00509,425,7,48809.25,1,3,3,7,At Risk
CUST00510,101,3,23159.510000000002,3,1,1,5,Dormant
CUST00511,227,5,55830.33,2,2,3,7,At Risk
CUST00512,106,6,44063.81,3,2,3,8,Loyal
CUST00513,206,3,18821.690000000002,2,1,1,4,Dormant
CUST00514,550,8,28655.58,1,3,1,5,Dormant
CUST00515,470,7,64061.240000000005,1,3,4,8,Loyal
CUST00516,227,4,29930.75,2,1,1,4,Dormant
CUST00517,224,6,42344.44,2,2,2,6,At Risk
CUST00518,194,5,42055.229999999996,3,2,2,7,At Risk
CUST00519,24,5,27824.42,4,2,1,7,At Risk
CUST00520,19,5,28836.84,4,2,1,7,At Risk
CUST00521,472,6,37123.11,1,2,2,5,Dormant
CUST00522,47,6,43806.66,4,2,2,8,Loyal
CUST00523,338,5,36612.03,1,2,2,5,Dormant
CUST00524,471,4,29897.63,1,1,1,3,Dormant
CUST00525,15,7,29251.19,4,3,1,8,Loyal
CUST00526,44,4,2186.1800000000003,4,1,1,6,At Risk
CUST00527,350,9,72167.02,1,4,4,9,Loyal
CUST00528,248,4,29607.090000000004,2,1,1,4,Dormant
CUST00529,7,8,62925.32,4,3,3,10,Champions
CUST00530,226,3,14116.43,2,1,1,4,Dormant
CUST00531,374,5,29028.74,1,2,1,4,Dormant
CUST00532,286,6,42847.939999999995,2,2,2,6,At Risk
CUST00533,244,11,81325.71,2,4,4,10,Champions
CUST00534,518,11,96168.64,1,4,4,9,Loyal
CUST00535,186,9,67996.23,3,4,4,11,Champions
CUST00536,235,8,66821.78,2,3,4,9,Loyal
CUST00537,303,11,75298.5,2,4,4,10,Champions
CUST00538,82,3,22341.86,4,1,1,6,At Risk
CUST00539,38,11,73924.73999999999,4,4,4,12,Champions
CUST00540,304,4,29587.75,2,1,1,4,Dormant
CUST00541,488,3,14025.97,1,1,1,3,Dormant
CUST00542,177,4,21857.82,3,1,1,5,Dormant
CUST00543,475,7,29666.41,1,3,1,5,Dormant
CUST00544,250,14,139072.09,2,4,4,10,Champions
CUST00545,204,4,39014.22,2,1,2,5,Dormant
CUST00546,546,5,30885.68,1,2,2,5,Dormant
CUST00547,455,8,58545.52,1,3,3,7,At Risk
CUST00548,39,6,44974.200000000004,4,2,3,9,Loyal
CUST00549,124,6,40436.979999999996,3,2,2,7,At Risk
CUST00550,94,10,75404.99,4,4,4,12,Champions
CUST00551,109,3,39196.409999999996,3,1,2,6,At Risk
CUST00552,127,10,65519.630000000005,3,4,4,11,Champions
CUST00553,58,9,86382.45000000001,4,4,4,12,Champions
CUST00554,403,8,37337.73,1,3,2,6,At Risk
CUST00555,83,6,27761.590000000004,4,2,1,7,At Risk
CUST00556,327,5,43181.270000000004,2,2,2,6,At Risk
CUST00557,527,2,8835.54,1,1,1,3,Dormant
CUST00558,295,5,36663.7,2,2,2,6,At Risk
CUST00559,338,11,100503.39,1,4,4,9,Loyal
CUST00560,84,6,31731.010000000002,4,2,2,8,Loyal
CUST00561,277,9,37273.82,2,4,2,8,Loyal
CUST00562,481,4,16369.3,1,1,1,3,Dormant
CUST00563,264,1,5552.46,2,1,1,4,Dormant
CUST00564,79,6,37609.48,4,2,2,8,Loyal
CUST00565,89,10,50364.19,4,4,3,11,Champions
CUST00566,133,9,84640.2,3,4,4,11,Champions
CUST00567,245,5,55842.59,2,2,3,7,At Risk
CUST00568,420,8,63347.69,1,3,3,7,At Risk
CUST00569,369,7,29136.39,1,3,1,5,Dormant
CUST00570,335,13,105010.59,2,4,4,10,Champions
CUST00571,366,5,40034.68,1,2,2,5,Dormant
CUST00572,64,7,40866.229999999996,4,3,2,9,Loyal
CUST00573,206,11,81260.81,2,4,4,10,Champions
CUST00574,296,3,37452.75,2,1,2,5,Dormant
CUST00575,154,9,81276.42,3,4,4,11,Champions
CUST00576,548,4,15457.09,1,1,1,3,Dormant
CUST00577,255,7,48738.56,2,3,3,8,Loyal
CUST00578,25,10,71963.67,4,4,4,12,Champions
CUST00579,92,6,30450.41,4,2,1,7,At Risk
CUST00580,39,6,51418.9,4,2,3,9,Loyal
CUST00581,165,4,42394.44,3,1,2,6,At Risk
CUST00582,290,4,22535.989999999998,2,1,1,4,Dormant
CUST00583,323,4,47902.71,2,1,3,6,At Risk
CUST00584,50,6,45104.130000000005,4,2,3,9,Loyal
CUST00585,392,8,68601.6,1,3,4,8,Loyal
CUST00586,173,4,35142.33,3,1,2,6,At Risk
CUST00587,253,5,49651.189999999995,2,2,3,7,At Risk
CUST00588,193,8,61868.28,3,3,3,9,Loyal
CUST00589,298,3,17781.9,2,1,1,4,Dormant
CUST00590,75,7,37256.17,4,3,2,9,Loyal
CUST00591,96,4,28554.120000000003,3,1,1,5,Dormant
CUST00592,113,10,67915.83,3,4,4,11,Champions
CUST00593,266,8,46800.92,2,3,3,8,Loyal
CUST00594,395,6,61579.59,1,2,3,6,At Risk
CUST00595,51,2,8577.57,4,1,1,6,At Risk
CUST00596,231,4,22320.16,2,1,1,4,Dormant
CUST00597,15,9,85024.91,4,4,4,12,Champions
CUST00598,368,6,34166.34,1,2,2,5,Dormant
CUST00599,446,7,50150.42,1,3,3,7,At Risk
CUST00600,169,8,60516.439999999995,3,3,3,9,Loyal
CUST00601,347,10,66601.68,1,4,4,9,Loyal
CUST00602,65,8,42679.97,4,3,2,9,Loyal
CUST00603,208,6,31319.25,2,2,2,6,At Risk
CUST00604,327,4,36485.18,2,1,2,5,Dormant
CUST00605,80,9,87569.35,4,4,4,12,Champions
CUST00606,212,6,23059.8,2,2,1,5,Dormant
CUST00607,120,4,25337.129999999997,3,1,1,5,Dormant
CUST00608,376,8,65248.64,1,3,4,8,Loyal
CUST00609,149,9,61721.97,3,4,3,10,Champions
CUST00610,397,5,32700.670000000002,1,2,2,5,Dormant
CUST00611,331,6,54555.880000000005,2,2,3,7,At Risk
CUST00612,372,5,37841.479999999996,1,2,2,5,Dormant
CUST00613,293,8,48749.05,2,3,3,8,Loyal
CUST00614,462,10,93587.87,1,4,4,9,Loyal
CUST00615,196,7,47815.79,3,3,3,9,Loyal
CUST00616,72,13,64868.09,4,4,4,12,Champions
CUST00617,47,8,37220.95,4,3,2,9,Loyal
CUST00618,182,9,65117.08,3,4,4,11,Champions
CUST00619,130,8,42428.61,3,3,2,8,Loyal
CUST00620,377,7,51770.67,1,3,3,7,At Risk
CUST00621,379,6,41388.270000000004,1,2,2,5,Dormant
CUST00622,60,6,37833.020000000004,4,2,2,8,Loyal
CUST00623,445,3,24224.63,1,1,1,3,Dormant
CUST00624,242,7,48688.770000000004,2,3,3,8,Loyal
CUST00625,211,6,44264.22,2,2,3,7,At Risk
CUST00626,404,7,59303.29,1,3,3,7,At Risk
CUST00627,184,2,11186.400000000001,3,1,1,5,Dormant
CUST00628,50,8,48402.0,4,3,3,10,Champions
CUST00629,33,7,47575.49,4,3,3,10,Champions
CUST00630,99,3,7186.02,3,1,1,5,Dormant
CUST00631,141,8,46922.63,3,3,3,9,Loyal
CUST00632,75,6,88697.35,4,2,4,10,Champions
CUST00633,137,6,39146.74,3,2,2,7,At Risk
CUST00634,367,7,27287.46,1,3,1,5,Dormant
CUST00635,12,9,81306.28,4,4,4,12,Champions
CUST00636,330,3,18475.75,2,1,1,4,Dormant
CUST00637,367,10,85243.07,1,4,4,9,Loyal
CUST00638,165,10,97398.39,3,4,4,11,Champions
CUST00639,479,7,39584.14,1,3,2,6,At Risk
CUST00640,207,9,80203.51,2,4,4,10,Champions
CUST00641,214,8,67067.86,2,3,4,9,Loyal
CUST00642,201,10,62450.76,3,4,3,10,Champions
CUST00643,164,3,22240.86,3,1,1,5,Dormant
CUST00644,181,8,105977.67,3,3,4,10,Champions
CUST00645,37,9,85193.25,4,4,4,12,Champions
CUST00646,527,5,30465.170000000002,1,2,1,4,Dormant
CUST00647,24,5,27498.760000000002,4,2,1,7,At Risk
CUST00648,357,7,51620.869999999995,1,3,3,7,At Risk
CUST00649,426,2,17014.23,1,1,1,3,Dormant
CUST00650,581,6,54050.89,1,2,3,6,At Risk
CUST00651,281,3,30082.76,2,1,1,4,Dormant
CUST00652,4,5,63460.979999999996,4,2,4,10,Champions
CUST00653,448,10,91743.78,1,4,4,9,Loyal
CUST00654,33,7,59438.26,4,3,3,10,Champions
CUST00655,61,5,28101.949999999997,4,2,1,7,At Risk
CUST00656,501,7,30838.2,1,3,2,6,At Risk
CUST00657,474,9,70753.04,1,4,4,9,Loyal
CUST00658,323,8,43978.630000000005,2,3,2,7,At Risk
CUST00659,272,1,13075.7,2,1,1,4,Dormant
CUST00660,20,9,46285.3,4,4,3,11,Champions
CUST00661,103,3,20455.300000000003,3,1,1,5,Dormant
CUST00662,306,6,38901.810000000005,2,2,2,6,At Risk
CUST00663,569,4,44189.450000000004,1,1,3,5,Dormant
CUST00664,530,6,35553.18,1,2,2,5,Dormant
CUST00665,202,2,18812.29,3,1,1,5,Dormant
CUST00666,77,9,53039.89,4,4,3,11,Champions
CUST00667,197,7,40576.700000000004,3,3,2,8,Loyal
CUST00668,21,4,28571.63,4,1,1,6,At Risk
CUST00669,507,7,28036.1,1,3,1,5,Dormant
CUST00670,275,8,30431.69,2,3,1,6,At Risk
CUST00671,136,7,38098.42,3,3,2,8,Loyal
CUST00672,583,6,27535.0,1,2,1,4,Dormant
CUST00673,667,1,4490.07,1,1,1,3,Dormant
CUST00674,277,9,44861.72,2,4,3,9,Loyal
CUST00675,416,3,13794.59,1,1,1,3,Dormant
CUST00676,352,4,25621.219999999998,1,1,1,3,Dormant
CUST00677,97,8,52832.11,3,3,3,9,Loyal
CUST00678,191,10,45466.15,3,4,3,10,Champions
CUST00679,60,8,57561.62,4,3,3,10,Champions
CUST00680,275,8,47893.42,2,3,3,8,Loyal
CUST00681,158,2,14975.140000000001,3,1,1,5,Dormant
CUST00682,359,4,19162.33,1,1,1,3,Dormant
CUST00683,507,7,37788.88,1,3,2,6,At Risk
CUST00684,16,6,36057.22,4,2,2,8,Loyal
CUST00685,473,6,54149.68,1,2,3,6,At Risk
CUST00686,73,11,105787.72,4,4,4,12,Champions
CUST00687,183,8,45218.26,3,3,3,9,Loyal
CUST00688,223,10,64086.47,2,4,4,10,Champions
CUST00689,398,13,109311.67,1,4,4,9,Loyal
CUST00690,242,5,15070.08,2,2,1,5,Dormant
CUST00691,452,8,68564.3,1,3,4,8,Loyal
CUST00692,210,2,6820.1900000000005,2,1,1,4,Dormant
CUST00693,649,5,61906.18,1,2,3,6,At Risk
CUST00694,292,2,8664.48,2,1,1,4,Dormant
CUST00695,104,9,29888.629999999997,3,4,1,8,Loyal
CUST00696,49,3,12336.66,4,1,1,6,At Risk
CUST00697,88,9,52590.59,4,4,3,11,Champions
CUST00698,210,6,39223.28,2,2,2,6,At Risk
CUST00699,159,6,49841.79,3,2,3,8,Loyal
CUST00700,123,13,104906.75,3,4,4,11,Champions
CUST00701,162,9,35160.25,3,4,2,9,Loyal
CUST00702,336,7,55214.45,2,3,3,8,Loyal
CUST00703,161,9,86142.25,3,4,4,11,Champions
CUST00704,207,4,33073.71,2,1,2,5,Dormant
CUST00705,5,3,19075.59,4,1,1,6,At Risk
CUST00706,64,3,20873.84,4,1,1,6,At Risk
CUST00707,41,7,41785.75,4,3,2,9,Loyal
CUST00708,153,8,68898.01,3,3,4,10,Champions
CUST00709,174,7,58706.56,3,3,3,9,Loyal
CUST00710,283,6,36217.5,2,2,2,6,At Risk
CUST00711,322,6,51308.46,2,2,3,7,At Risk
CUST00712,123,4,26664.379999999997,3,1,1,5,Dormant
CUST00713,348,5,52704.89,1,2,3,6,At Risk
CUST00714,260,8,99938.53,2,3,4,9,Loyal
CUST00715,125,10,43365.78999999999,3,4,2,9,Loyal
CUST00716,498,6,76140.79,1,2,4,7,At Risk
CUST00717,181,11,94646.3,3,4,4,11,Champions
CUST00718,5,7,74606.91,4,3,4,11,Champions
CUST00719,403,5,28846.559999999998,1,2,1,4,Dormant
CUST00720,457,9,65296.54,1,4,4,9,Loyal
CUST00721,354,4,17482.96,1,1,1,3,Dormant
CUST00722,15,5,47195.61,4,2,3,9,Loyal
CUST00723,56,10,73031.95,4,4,4,12,Champions
CUST00724,251,8,111481.0,2,3,4,9,Loyal
CUST00725,208,4,17590.63,2,1,1,4,Dormant
CUST00726,223,5,22219.52,2,2,1,5,Dormant
CUST00727,92,7,60436.29,4,3,3,10,Champions
CUST00728,330,5,34013.03,2,2,2,6,At Risk
CUST00729,125,8,42511.43,3,3,2,8,Loyal
CUST00730,270,8,43103.840000000004,2,3,2,7,At Risk
CUST00731,49,8,58905.119999999995,4,3,3,10,Champions
CUST00732,284,5,46389.17,2,2,3,7,At Risk
CUST00733,116,5,57597.36,3,2,3,8,Loyal
CUST00734,20,7,45207.05,4,3,3,10,Champions
CUST00735,323,10,53811.350000000006,2,4,3,9,Loyal
CUST00736,422,5,38792.71,1,2,2,5,Dormant
CUST00737,489,3,30204.0,1,1,1,3,Dormant
CUST00738,480,4,40476.03,1,1,2,4,Dormant
CUST00739,139,8,75039.23,3,3,4,10,Champions
CUST00740,330,7,48370.65,2,3,3,8,Loyal
CUST00741,52,7,61516.86,4,3,3,10,Champions
CUST00742,47,4,33415.78,4,1,2,7,At Risk
CUST00743,498,9,52770.76,1,4,3,8,Loyal
CUST00744,314,4,25259.36,2,1,1,4,Dormant
CUST00745,421,5,26750.28,1,2,1,4,Dormant
CUST00746,531,9,53533.54,1,4,3,8,Loyal
CUST00747,481,6,69319.32,1,2,4,7,At Risk
CUST00748,178,8,34623.18,3,3,2,8,Loyal
CUST00749,327,4,31086.33,2,1,2,5,Dormant
CUST00750,139,3,4129.11,3,1,1,5,Dormant
CUST00751,72,6,65519.53,4,2,4,10,Champions
CUST00752,291,11,65793.84999999999,2,4,4,10,Champions
CUST00753,51,9,71617.5,4,4,4,12,Champions
CUST00754,229,10,84375.24,2,4,4,10,Champions
CUST00755,16,4,67309.55,4,1,4,9,Loyal
CUST00756,79,9,70339.77,4,4,4,12,Champions
CUST00757,14,9,37952.33,4,4,2,10,Champions
CUST00758,379,8,36651.35,1,3,2,6,At Risk
CUST00759,57,13,99998.84,4,4,4,12,Champions
CUST00760,68,6,34787.35,4,2,2,8,Loyal
CUST00761,20,3,20666.420000000002,4,1,1,6,At Risk
CUST00762,218,3,30244.129999999997,2,1,1,4,Dormant
CUST00763,149,9,71380.93,3,4,4,11,Champions
CUST00764,84,6,39617.3,4,2,2,8,Loyal
CUST00765,113,9,57225.380000000005,3,4,3,10,Champions
CUST00766,270,4,16871.32,2,1,1,4,Dormant
CUST00767,163,13,71954.97,3,4,4,11,Champions
CUST00768,470,6,65127.7,1,2,4,7,At Risk
CUST00769,202,9,58110.979999999996,3,4,3,10,Champions
CUST00770,367,12,51858.58,1,4,3,8,Loyal
CUST00771,20,9,63747.86,4,4,4,12,Champions
CUST00772,362,6,38955.329999999994,1,2,2,5,Dormant
CUST00773,544,7,42948.06,1,3,2,6,At Risk
CUST00774,553,6,42384.52,1,2,2,5,Dormant
CUST00775,31,6,37915.7,4,2,2,8,Loyal
CUST00776,356,3,32863.979999999996,1,1,2,4,Dormant
CUST00777,14,9,81001.93,4,4,4,12,Champions
CUST00778,38,9,72817.48,4,4,4,12,Champions
CUST00779,99,7,67484.07,3,3,4,10,Champions
CUST00780,186,5,21295.89,3,2,1,6,At Risk
CUST00781,464,3,3053.34,1,1,1,3,Dormant
CUST00782,226,9,59249.020000000004,2,4,3,9,Loyal
CUST00783,331,5,42735.76,2,2,2,6,At Risk
CUST00784,80,6,35617.21,4,2,2,8,Loyal
CUST00785,78,8,46764.86,4,3,3,10,Champions
CUST00786,91,7,60068.259999999995,4,3,3,10,Champions
CUST00787,130,8,42251.62,3,3,2,8,Loyal
CUST00788,141,6,32899.24,3,2,2,7,At Risk
CUST00789,317,11,95417.36,2,4,4,10,Champions
CUST00790,112,6,68488.81,3,2,4,9,Loyal
CUST00791,65,4,43716.39,4,1,2,7,At Risk
CUST00792,454,3,22485.54,1,1,1,3,Dormant
CUST00793,190,8,57124.939999999995,3,3,3,9,Loyal
CUST00794,72,5,37975.07,4,2,2,8,Loyal
CUST00795,207,5,24225.64,2,2,1,5,Dormant
CUST00796,133,10,79366.25,3,4,4,11,Champions
CUST00797,321,5,60371.719999999994,2,2,3,7,At Risk
CUST00798,105,8,34719.65,3,3,2,8,Loyal
CUST00799,117,10,34975.35,3,4,2,9,Loyal
CUST00800,123,9,77190.61,3,4,4,11,Champions
CUST00801,252,10,44350.590000000004,2,4,3,9,Loyal
CUST00802,303,5,46653.99,2,2,3,7,At Risk
CUST00803,88,5,41547.32,4,2,2,8,Loyal
CUST00804,31,6,36695.58,4,2,2,8,Loyal
CUST00805,65,7,61740.590000000004,4,3,3,10,Champions
CUST00806,455,5,39235.35,1,2,2,5,Dormant
CUST00807,418,3,25721.02,1,1,1,3,Dormant
CUST00808,469,4,26979.23,1,1,1,3,Dormant
CUST00809,192,5,25435.079999999998,3,2,1,6,At Risk
CUST00810,601,4,40584.34,1,1,2,4,Dormant
CUST00811,81,13,136282.79,4,4,4,12,Champions
CUST00812,213,7,69617.89,2,3,4,9,Loyal
CUST00813,235,7,61547.91,2,3,3,8,Loyal
CUST00814,379,12,85800.59999999999,1,4,4,9,Loyal
CUST00815,180,5,40150.01,3,2,2,7,At Risk
CUST00816,320,8,51946.26,2,3,3,8,Loyal
CUST00817,101,7,49900.67,3,3,3,9,Loyal
CUST00818,396,7,39221.3,1,3,2,6,At Risk
CUST00819,202,5,42778.33,3,2,2,7,At Risk
CUST00820,148,8,56386.799999999996,3,3,3,9,Loyal
CUST00821,423,6,62005.78,1,2,3,6,At Risk
CUST00822,646,6,26546.809999999998,1,2,1,4,Dormant
CUST00823,91,11,78539.51000000001,4,4,4,12,Champions
CUST00824,301,7,37961.78,2,3,2,7,At Risk
CUST00825,295,4,29316.21,2,1,1,4,Dormant
CUST00826,189,10,67558.78,3,4,4,11,Champions
CUST00827,61,7,65996.6,4,3,4,11,Champions
CUST00828,23,14,70477.67,4,4,4,12,Champions
CUST00829,256,7,81409.45,2,3,4,9,Loyal
CUST00830,402,7,46525.99,1,3,3,7,At Risk
CUST00831,314,13,109130.38,2,4,4,10,Champions
CUST00832,9,14,84702.8,4,4,4,12,Champions
CUST00833,109,5,71668.99,3,2,4,9,Loyal
CUST00834,58,5,26706.17,4,2,1,7,At Risk
CUST00835,291,10,87290.48,2,4,4,10,Champions
CUST00836,505,10,80432.59,1,4,4,9,Loyal
CUST00837,336,11,78810.42,2,4,4,10,Champions
CUST00838,437,1,11031.62,1,1,1,3,Dormant
CUST00839,102,7,60079.51,3,3,3,9,Loyal
CUST00840,280,10,64335.2,2,4,4,10,Champions
CUST00841,436,8,38599.29,1,3,2,6,At Risk
CUST00842,86,9,43216.11,4,4,2,10,Champions
CUST00843,282,7,37181.04,2,3,2,7,At Risk
CUST00844,82,9,27446.3,4,4,1,9,Loyal
CUST00845,210,7,36847.1,2,3,2,7,At Risk
CUST00846,53,9,47545.079999999994,4,4,3,11,Champions
CUST00847,91,9,65062.72,4,4,4,12,Champions
CUST00848,11,7,63802.479999999996,4,3,4,11,Champions
CUST00849,397,6,28807.89,1,2,1,4,Dormant
CUST00850,532,5,39087.159999999996,1,2,2,5,Dormant
CUST00851,27,9,93038.99,4,4,4,12,Champions
CUST00852,127,5,24192.39,3,2,1,6,At Risk
CUST00853,124,8,51744.92,3,3,3,9,Loyal
CUST00854,429,7,37288.93,1,3,2,6,At Risk
CUST00855,274,13,94803.73999999999,2,4,4,10,Champions
CUST00856,22,7,53097.240000000005,4,3,3,10,Champions
CUST00857,19,4,14187.64,4,1,1,6,At Risk
CUST00858,389,7,42930.020000000004,1,3,2,6,At Risk
CUST00859,177,8,93778.39,3,3,4,10,Champions
CUST00860,32,7,64704.53,4,3,4,11,Champions
CUST00861,533,4,42379.25,1,1,2,4,Dormant
CUST00862,145,5,28787.809999999998,3,2,1,6,At Risk
CUST00863,8,8,26454.77,4,3,1,8,Loyal
CUST00864,174,2,10394.17,3,1,1,5,Dormant
CUST00865,23,5,34015.22,4,2,2,8,Loyal
CUST00866,257,9,68115.6,2,4,4,10,Champions
CUST00867,26,4,25472.93,4,1,1,6,At Risk
CUST00868,82,8,74504.66,4,3,4,11,Champions
CUST00869,411,6,48976.97,1,2,3,6,At Risk
CUST00870,402,6,54724.79,1,2,3,6,At Risk
CUST00871,381,9,77383.66,1,4,4,9,Loyal
CUST00872,119,7,59360.36,3,3,3,9,Loyal
CUST00873,325,10,58392.85,2,4,3,9,Loyal
CUST00874,391,3,15775.43,1,1,1,3,Dormant
CUST00875,144,5,35679.04,3,2,2,7,At Risk
CUST00876,374,7,97007.79999999999,1,3,4,8,Loyal
CUST00877,409,4,37009.729999999996,1,1,2,4,Dormant
CUST00878,169,1,21216.55,3,1,1,5,Dormant
CUST00879,379,8,38619.64,1,3,2,6,At Risk
CUST00880,79,7,46425.25,4,3,3,10,Champions
CUST00881,260,4,38025.44,2,1,2,5,Dormant
CUST00882,285,6,36884.340000000004,2,2,2,6,At Risk
CUST00883,101,5,47155.39,3,2,3,8,Loyal
CUST00884,43,7,53236.369999999995,4,3,3,10,Champions
CUST00885,383,7,41782.94,1,3,2,6,At Risk
CUST00886,247,8,75511.9,2,3,4,9,Loyal
CUST00887,89,9,43360.270000000004,4,4,2,10,Champions
CUST00888,146,13,87491.34,3,4,4,11,Champions
CUST00889,265,11,86324.4,2,4,4,10,Champions
CUST00890,144,6,40385.42,3,2,2,7,At Risk
CUST00891,208,6,62558.27,2,2,3,7,At Risk
CUST00892,560,3,17464.55,1,1,1,3,Dormant
CUST00893,320,10,87589.91,2,4,4,10,Champions
CUST00894,117,10,47875.87,3,4,3,10,Champions
CUST00895,73,8,97307.05,4,3,4,11,Champions
CUST00896,1,8,77611.59,4,3,4,11,Champions
CUST00897,245,8,32313.16,2,3,2,7,At Risk
CUST00898,89,11,63638.92,4,4,4,12,Champions
CUST00899,138,3,30168.36,3,1,1,5,Dormant
CUST00900,423,9,63144.86,1,4,3,8,Loyal
CUST00901,149,8,91493.69,3,3,4,10,Champions
CUST00902,118,9,48806.59,3,4,3,10,Champions
CUST00903,221,11,89273.11,2,4,4,10,Champions
CUST00904,32,7,61057.590000000004,4,3,3,10,Champions
CUST00905,202,2,29049.12,3,1,1,5,Dormant
CUST00906,436,9,74517.33,1,4,4,9,Loyal
CUST00907,332,5,26580.19,2,2,1,5,Dormant
CUST00908,317,9,45454.68,2,4,3,9,Loyal
CUST00909,121,10,54818.31,3,4,3,10,Champions
CUST00910,470,7,54579.850000000006,1,3,3,7,At Risk
CUST00911,1,10,58010.869999999995,4,4,3,11,Champions
CUST00912,394,4,28308.100000000002,1,1,1,3,Dormant
CUST00913,194,7,53731.69,3,3,3,9,Loyal
CUST00914,463,4,41310.08,1,1,2,4,Dormant
CUST00915,134,7,47318.33,3,3,3,9,Loyal
CUST00916,59,7,27596.97,4,3,1,8,Loyal
CUST00917,337,7,52388.72,2,3,3,8,Loyal
CUST00918,99,6,68847.48,3,2,4,9,Loyal
CUST00919,48,7,73732.72,4,3,4,11,Champions
CUST00920,317,7,36419.770000000004,2,3,2,7,At Risk
CUST00921,67,9,44606.57,4,4,3,11,Champions
CUST00922,224,6,31991.1,2,2,2,6,At Risk
CUST00923,234,4,21075.52,2,1,1,4,Dormant
CUST00924,366,5,37208.66,1,2,2,5,Dormant
CUST00925,348,5,33849.34,1,2,2,5,Dormant
CUST00926,224,7,46844.6,2,3,3,8,Loyal
CUST00927,129,12,72942.77,3,4,4,11,Champions
CUST00928,12,6,30086.489999999998,4,2,1,7,At Risk
CUST00929,169,5,31607.34,3,2,2,7,At Risk
CUST00930,339,6,45691.37,1,2,3,6,At Risk
CUST00931,554,4,22294.27,1,1,1,3,Dormant
CUST00932,230,7,53083.69,2,3,3,8,Loyal
CUST00933,206,7,41315.71,2,3,2,7,At Risk
CUST00934,89,9,88361.87,4,4,4,12,Champions
CUST00935,36,7,42280.51,4,3,2,9,Loyal
CUST00936,94,1,659.0,4,1,1,6,At Risk
CUST00937,73,8,84755.03,4,3,4,11,Champions
CUST00938,6,5,28969.35,4,2,1,7,At Risk
CUST00939,113,9,33710.33,3,4,2,9,Loyal
CUST00940,126,4,16337.05,3,1,1,5,Dormant
CUST00941,379,6,41573.450000000004,1,2,2,5,Dormant
CUST00942,295,3,40686.5,2,1,2,5,Dormant
CUST00944,135,6,54813.14,3,2,3,8,Loyal
CUST00945,393,8,54697.74,1,3,3,7,At Risk
CUST00946,104,7,35346.95,3,3,2,8,Loyal
CUST00947,156,8,55846.36,3,3,3,9,Loyal
CUST00948,423,7,73209.12,1,3,4,8,Loyal
CUST00949,140,4,38626.86,3,1,2,6,At Risk
CUST00950,20,6,35056.09,4,2,2,8,Loyal
CUST00951,84,8,44064.08,4,3,3,10,Champions
CUST00952,98,6,65316.32000000001,3,2,4,9,Loyal
CUST00953,217,8,47322.32,2,3,3,8,Loyal
CUST00954,97,5,36228.01,3,2,2,7,At Risk
CUST00955,185,3,24543.82,3,1,1,5,Dormant
CUST00956,382,7,41302.45,1,3,2,6,At Risk
CUST00957,60,8,71227.45,4,3,4,11,Champions
CUST00958,206,9,36504.64,2,4,2,8,Loyal
CUST00959,222,11,79270.6,2,4,4,10,Champions
CUST00960,16,10,61893.41,4,4,3,11,Champions
CUST00961,25,10,85329.37000000001,4,4,4,12,Champions
CUST00962,148,14,78216.61,3,4,4,11,Champions
CUST00963,297,4,33817.43,2,1,2,5,Dormant
CUST00964,464,3,23692.239999999998,1,1,1,3,Dormant
CUST00965,542,3,13008.45,1,1,1,3,Dormant
CUST00966,514,6,34613.7,1,2,2,5,Dormant
CUST00967,321,5,46465.5,2,2,3,7,At Risk
CUST00968,481,2,12518.39,1,1,1,3,Dormant
CUST00969,109,5,38429.59,3,2,2,7,At Risk
CUST00970,136,3,3616.0,3,1,1,5,Dormant
CUST00971,285,9,79336.23,2,4,4,10,Champions
CUST00972,34,7,30693.4,4,3,2,9,Loyal
CUST00973,72,8,55279.310000000005,4,3,3,10,Champions
CUST00974,359,6,38724.950000000004,1,2,2,5,Dormant
CUST00975,48,7,24729.31,4,3,1,8,Loyal
CUST00976,77,10,63149.94,4,4,3,11,Champions
CUST00977,114,6,26296.92,3,2,1,6,At Risk
CUST00978,557,2,18792.899999999998,1,1,1,3,Dormant
CUST00979,7,5,31082.489999999998,4,2,2,8,Loyal
CUST00980,550,7,40812.11,1,3,2,6,At Risk
CUST00981,505,6,66572.41,1,2,4,7,At Risk
CUST00982,468,6,66266.16,1,2,4,7,At Risk
CUST00983,439,5,48868.020000000004,1,2,3,6,At Risk
CUST00984,462,6,34807.51,1,2,2,5,Dormant
CUST00985,567,5,38758.82,1,2,2,5,Dormant
CUST00986,176,9,57527.44,3,4,3,10,Champions
CUST00987,210,10,83987.64,2,4,4,10,Champions
CUST00988,331,14,104114.86,2,4,4,10,Champions
CUST00989,281,5,64221.86,2,2,4,8,Loyal
CUST00990,192,8,66422.83,3,4,4,11,Champions
CUST00991,103,8,43501.82,3,4,2,9,Loyal
CUST00992,86,4,9222.09,4,1,1,6,At Risk
CUST00993,195,4,25920.62,3,1,1,5,Dormant
CUST00994,324,3,34721.71,2,1,2,5,Dormant
CUST00995,269,6,53188.3,2,2,3,7,At Risk
CUST00996,264,4,40791.18,2,1,2,5,Dormant
CUST00997,31,4,26377.16,4,1,1,6,At Risk
CUST00998,284,2,12171.66,2,1,1,4,Dormant
CUST00999,15,12,57493.89,4,4,3,11,Champions
CUST01000,86,8,71735.77,4,4,4,12,Champions
CUST01001,31,9,70078.54,4,4,4,12,Champions
CUST01002,137,2,10991.57,3,1,1,5,Dormant
CUST01003,67,6,50252.45,4,2,3,9,Loyal
CUST01004,333,6,23908.239999999998,2,2,1,5,Dormant
CUST01005,254,6,39596.91,2,2,2,6,At Risk
CUST01006,276,1,13677.09,2,1,1,4,Dormant
CUST01007,650,7,45618.18,1,3,3,7,At Risk
CUST01008,45,8,54742.61,4,4,3,11,Champions
CUST01009,363,9,55440.1,1,4,3,8,Loyal
CUST01010,385,8,47698.54,1,4,3,8,Loyal
CUST01011,320,7,48476.619999999995,2,3,3,8,Loyal
CUST01012,223,4,32558.95,2,1,2,5,Dormant
CUST01013,487,5,37418.46,1,2,2,5,Dormant
CUST01014,449,11,68308.91,1,4,4,9,Loyal
CUST01015,37,14,79279.86,4,4,4,12,Champions
CUST01016,392,4,27614.78,1,1,1,3,Dormant
CUST01017,174,7,50748.020000000004,3,3,3,9,Loyal
CUST01018,294,5,34557.05,2,2,2,6,At Risk
CUST01019,231,10,69632.39,2,4,4,10,Champions
CUST01020,88,7,50198.33,4,3,3,10,Champions
CUST01021,393,5,32113.95,1,2,2,5,Dormant
CUST01022,73,8,80773.53,4,4,4,12,Champions
CUST01023,50,10,83415.59,4,4,4,12,Champions
CUST01024,218,6,28797.56,2,2,1,5,Dormant
CUST01025,66,9,50780.74,4,4,3,11,Champions
CUST01026,443,3,23516.02,1,1,1,3,Dormant
CUST01027,249,5,24659.23,2,2,1,5,Dormant
CUST01028,140,8,68108.58,3,4,4,11,Champions
CUST01029,67,8,32296.5,4,4,2,10,Champions
CUST01030,403,10,74670.49,1,4,4,9,Loyal
CUST01031,271,6,51554.18,2,2,3,7,At Risk
CUST01032,663,5,18807.92,1,2,1,4,Dormant
CUST01033,23,6,52302.09,4,2,3,9,Loyal
CUST01034,402,9,43890.72,1,4,2,7,At Risk
CUST01035,474,6,38648.82,1,2,2,5,Dormant
CUST01036,412,9,48472.009999999995,1,4,3,8,Loyal
CUST01037,278,16,125575.32,2,4,4,10,Champions
CUST01038,435,9,66059.34,1,4,4,9,Loyal
CUST01039,38,6,64139.55,4,2,4,10,Champions
CUST01040,314,7,63865.7,2,3,4,9,Loyal
CUST01041,186,9,48291.28,3,4,3,10,Champions
CUST01042,431,5,38067.31,1,2,2,5,Dormant
CUST01043,58,7,60324.22,4,3,3,10,Champions
CUST01044,8,7,49663.28,4,3,3,10,Champions
CUST01045,548,3,13465.16,1,1,1,3,Dormant
CUST01046,7,6,23994.03,4,2,1,7,At Risk
CUST01047,263,8,65126.66,2,4,4,10,Champions
CUST01048,589,4,26895.2,1,1,1,3,Dormant
CUST01049,470,11,94884.93,1,4,4,9,Loyal
CUST01050,334,3,14822.609999999999,2,1,1,4,Dormant
CUST01051,33,7,64671.18,4,3,4,11,Champions
CUST01052,373,4,41477.68,1,1,2,4,Dormant
CUST01053,122,9,68738.23999999999,3,4,4,11,Champions
CUST01054,186,6,51944.16,3,2,3,8,Loyal
CUST01055,258,6,64225.16,2,2,4,8,Loyal
CUST01056,437,5,62153.270000000004,1,2,3,6,At Risk
CUST01057,34,5,41897.92,4,2,2,8,Loyal
CUST01058,167,5,63579.1,3,2,4,9,Loyal
CUST01059,180,10,126512.42,3,4,4,11,Champions
CUST01060,85,8,33102.35,4,4,2,10,Champions
CUST01061,77,7,47074.36,4,3,3,10,Champions
CUST01062,390,6,42211.33,1,2,2,5,Dormant
CUST01063,314,9,70283.12,2,4,4,10,Champions
CUST01064,87,6,72007.49,4,2,4,10,Champions
CUST01065,61,7,50808.56,4,3,3,10,Champions
CUST01066,346,7,83042.55,1,3,4,8,Loyal
CUST01067,154,7,29182.55,3,3,1,7,At Risk
CUST01068,146,7,44182.89,3,3,3,9,Loyal
CUST01069,94,3,9964.66,4,1,1,6,At Risk
CUST01070,33,6,33813.590000000004,4,2,2,8,Loyal
CUST01071,341,6,25262.68,1,2,1,4,Dormant
CUST01072,126,5,25497.03,3,2,1,6,At Risk
CUST01073,120,8,78274.86,3,4,4,11,Champions
CUST01074,98,5,38643.33,3,2,2,7,At Risk
CUST01075,313,7,109508.84,2,3,4,9,Loyal
CUST01076,79,6,44079.58,4,2,3,9,Loyal
CUST01077,39,3,15576.03,4,1,1,6,At Risk
CUST01078,136,6,24801.63,3,2,1,6,At Risk
CUST01079,181,4,42967.54,3,1,2,6,At Risk
CUST01080,62,7,64657.39000000001,4,3,4,11,Champions
CUST01081,43,8,66068.51,4,4,4,12,Champions
CUST01082,129,6,60952.08,3,2,3,8,Loyal
CUST01083,76,11,81037.3,4,4,4,12,Champions
CUST01084,15,6,30446.54,4,2,1,7,At Risk
CUST01085,381,7,75362.55,1,3,4,8,Loyal
CUST01086,336,5,56582.63,2,2,3,7,At Risk
CUST01087,361,7,44037.83,1,3,2,6,At Risk
CUST01088,528,5,30377.859999999997,1,2,1,4,Dormant
CUST01089,363,3,7582.8099999999995,1,1,1,3,Dormant
CUST01090,332,5,14105.13,2,2,1,5,Dormant
CUST01091,274,7,34479.49,2,3,2,7,At Risk
CUST01092,252,4,46973.48,2,1,3,6,At Risk
CUST01093,129,4,37720.88,3,1,2,6,At Risk
CUST01094,20,8,54908.770000000004,4,4,3,11,Champions
CUST01095,32,3,13243.259999999998,4,1,1,6,At Risk
CUST01096,34,7,33991.25,4,3,2,9,Loyal
CUST01097,111,8,59209.770000000004,3,4,3,10,Champions
CUST01098,22,9,43349.19,4,4,2,10,Champions
CUST01099,303,5,40325.31,2,2,2,6,At Risk
CUST01100,342,8,61305.12,1,4,3,8,Loyal
CUST01101,82,8,59594.880000000005,4,4,3,11,Champions
CUST01102,76,2,9008.880000000001,4,1,1,6,At Risk
CUST01103,553,4,29834.52,1,1,1,3,Dormant
CUST01104,96,6,69204.5,3,2,4,9,Loyal
CUST01105,363,3,21851.37,1,1,1,3,Dormant
CUST01106,300,6,30854.77,2,2,2,6,At Risk
CUST01107,45,10,65290.48,4,4,4,12,Champions
CUST01108,96,7,20488.989999999998,3,3,1,7,At Risk
CUST01109,36,12,96448.48,4,4,4,12,Champions
CUST01110,324,3,33752.79,2,1,2,5,Dormant
CUST01111,147,4,20549.6,3,1,1,5,Dormant
CUST01112,162,4,17123.37,3,1,1,5,Dormant
CUST01113,399,6,49662.75,1,2,3,6,At Risk
CUST01114,365,9,55430.89,1,4,3,8,Loyal
CUST01115,38,5,44560.49,4,2,3,9,Loyal
CUST01116,96,5,31618.33,3,2,2,7,At Risk
CUST01117,395,7,36016.41,1,3,2,6,At Risk
CUST01118,133,4,25050.379999999997,3,1,1,5,Dormant
CUST01119,147,7,54013.61,3,3,3,9,Loyal
CUST01120,155,3,20191.12,3,1,1,5,Dormant
CUST01121,143,8,39758.34,3,4,2,9,Loyal
CUST01122,92,9,32397.370000000003,4,4,2,10,Champions
CUST01123,159,7,91901.70999999999,3,3,4,10,Champions
CUST01124,332,6,37835.13,2,2,2,6,At Risk
CUST01125,35,5,30800.91,4,2,2,8,Loyal
CUST01126,235,5,41828.39,2,2,2,6,At Risk
CUST01127,64,7,30806.89,4,3,2,9,Loyal
CUST01128,291,5,27665.27,2,2,1,5,Dormant
CUST01129,201,7,44398.86,3,3,3,9,Loyal
CUST01130,15,6,38184.88,4,2,2,8,Loyal
CUST01131,414,9,85017.26,1,4,4,9,Loyal
CUST01132,132,6,31078.8,3,2,2,7,At Risk
CUST01133,95,10,71997.14,3,4,4,11,Champions
CUST01134,126,6,32724.42,3,2,2,7,At Risk
CUST01135,124,4,53727.69,3,1,3,7,At Risk
CUST01136,62,8,57425.95,4,4,3,11,Champions
CUST01137,253,6,17711.75,2,2,1,5,Dormant
CUST01138,456,8,59014.33,1,4,3,8,Loyal
CUST01139,90,7,49830.64,4,3,3,10,Champions
CUST01140,61,4,22086.29,4,1,1,6,At Risk
CUST01141,378,4,22472.46,1,1,1,3,Dormant
CUST01142,126,5,30574.899999999998,3,2,2,7,At Risk
CUST01143,24,4,25667.489999999998,4,1,1,6,At Risk
CUST01144,344,7,48112.1,1,3,3,7,At Risk
CUST01145,407,9,58262.229999999996,1,4,3,8,Loyal
CUST01146,68,14,99896.3,4,4,4,12,Champions
CUST01147,222,4,43887.67,2,1,2,5,Dormant
CUST01148,325,5,61958.39,2,2,3,7,At Risk
CUST01149,215,9,33593.659999999996,2,4,2,8,Loyal
CUST01150,200,3,21783.32,3,1,1,5,Dormant
CUST01151,116,10,42855.759999999995,3,4,2,9,Loyal
CUST01152,176,7,32379.17,3,3,2,8,Loyal
CUST01153,387,4,34628.62,1,1,2,4,Dormant
CUST01154,245,10,78667.06,2,4,4,10,Champions
CUST01155,324,5,48287.82000000001,2,2,3,7,At Risk
CUST01156,26,5,19240.5,4,2,1,7,At Risk
CUST01157,390,5,18876.73,1,2,1,4,Dormant
CUST01158,38,9,111835.86,4,4,4,12,Champions
CUST01159,449,8,42969.15,1,4,2,7,At Risk
CUST01160,622,1,9391.84,1,1,1,3,Dormant
CUST01161,113,7,76376.47,3,3,4,10,Champions
CUST01162,436,5,29954.089999999997,1,2,1,4,Dormant
CUST01163,536,4,30872.45,1,1,2,4,Dormant
CUST01164,120,7,27888.43,3,3,1,7,At Risk
CUST01165,103,12,74479.67,3,4,4,11,Champions
CUST01166,236,5,28657.11,2,2,1,5,Dormant
CUST01167,269,4,38410.64,2,1,2,5,Dormant
CUST01168,328,6,64272.770000000004,2,2,4,8,Loyal
CUST01169,537,9,83382.28,1,4,4,9,Loyal
CUST01170,381,3,23616.879999999997,1,1,1,3,Dormant
CUST01171,542,4,23642.07,1,1,1,3,Dormant
CUST01172,368,6,27104.019999999997,1,2,1,4,Dormant
CUST01173,75,9,51690.74,4,4,3,11,Champions
CUST01174,197,7,45182.4,3,3,3,9,Loyal
CUST01175,218,6,44857.270000000004,2,2,3,7,At Risk
CUST01176,247,7,43764.299999999996,2,3,2,7,At Risk
CUST01177,31,8,67388.26,4,4,4,12,Champions
CUST01178,163,13,99754.42,3,4,4,11,Champions
CUST01179,109,7,66559.55,3,3,4,10,Champions
CUST01180,175,11,138862.99000000002,3,4,4,11,Champions
CUST01181,82,9,50497.72,4,4,3,11,Champions
CUST01182,123,6,25308.18,3,2,1,6,At Risk
CUST01183,250,6,54795.32,2,2,3,7,At Risk
CUST01184,27,5,33304.01,4,2,2,8,Loyal
CUST01185,270,5,33680.04,2,2,2,6,At Risk
CUST01186,78,5,34154.83,4,2,2,8,Loyal
CUST01187,142,2,9217.01,3,1,1,5,Dormant
CUST01188,233,11,99921.47,2,4,4,10,Champions
CUST01189,551,10,71870.22,1,4,4,9,Loyal
CUST01190,128,7,43663.35,3,3,2,8,Loyal
CUST01191,373,5,32454.07,1,2,2,5,Dormant
CUST01192,238,6,33464.240000000005,2,2,2,6,At Risk
CUST01193,33,7,67959.44,4,3,4,11,Champions
CUST01194,443,9,77338.94,1,4,4,9,Loyal
CUST01195,40,7,33933.59,4,3,2,9,Loyal
CUST01196,376,7,40037.979999999996,1,3,2,6,At Risk
CUST01197,561,7,44509.1,1,3,3,7,At Risk
CUST01198,334,3,39722.44,2,1,2,5,Dormant
CUST01199,253,11,61554.25,2,4,3,9,Loyal
CUST01200,39,7,59663.14,4,3,3,10,Champions
